/*******************************************************************************
 * Size: 16 px
 * Bpp: 4
 * Opts: --font managed_components/lvgl__lvgl/scripts/built_in_font/DejaVuSans.ttf --range 0x20-0x7e,0xc0-0x1b0,0x1ea0-0x1ef9,0x20ab --size 16 --bpp 4 --format lvgl --lv-include lvgl.h --lv-font-name friend_font_vietnamese_16 --output main/ui/font_vietnamese_16.c
 ******************************************************************************/

#ifdef LV_LVGL_H_INCLUDE_SIMPLE
#include "lvgl.h"
#else
#include "lvgl.h"
#endif

#ifndef FRIEND_FONT_VIETNAMESE_16
#define FRIEND_FONT_VIETNAMESE_16 1
#endif

#if FRIEND_FONT_VIETNAMESE_16

/*-----------------
 *    BITMAPS
 *----------------*/

/*Store the image of the glyphs*/
static LV_ATTRIBUTE_LARGE_CONST const uint8_t glyph_bitmap[] = {
    /* U+0020 " " */

    /* U+0021 "!" */
    0x9f, 0x0, 0xfc, 0x20, 0x1, 0xe3, 0x6d, 0x0,
    0x4f, 0x80, 0x0,

    /* U+0022 "\"" */
    0x7e, 0x8, 0xd0, 0xf, 0xfe, 0x1a, 0xd0, 0x54,
    0x80,

    /* U+0023 "#" */
    0x0, 0xcb, 0xc0, 0xc, 0x70, 0xf, 0x6a, 0x80,
    0xd, 0x0, 0x3c, 0x86, 0x6, 0x6, 0x1, 0xe3,
    0xc0, 0x52, 0x0, 0xdd, 0xfe, 0xb, 0xf9, 0x2f,
    0xf1, 0x86, 0x61, 0xcb, 0x30, 0x31, 0x98, 0x30,
    0x23, 0x24, 0x32, 0x15, 0x33, 0x0, 0x64, 0xc0,
    0x41, 0x20, 0xb, 0x3f, 0xc3, 0x5f, 0x43, 0xfe,
    0x40, 0xec, 0x72, 0xcc, 0xc, 0x66, 0x10, 0x8,
    0xc9, 0xc, 0x44, 0xc6, 0x60, 0xc, 0xba, 0x8,
    0x42, 0x1, 0x80,

    /* U+0024 "$" */
    0x0, 0x99, 0x80, 0x1f, 0xfc, 0x5, 0xc8, 0x9d,
    0xa1, 0x5a, 0xb9, 0x79, 0x30, 0xc2, 0x71, 0xe4,
    0x91, 0x11, 0x18, 0x7, 0x49, 0xe4, 0x53, 0x8,
    0xe, 0x61, 0x6, 0x3c, 0xc0, 0x7, 0x97, 0xc7,
    0x0, 0x1e, 0x77, 0x4c, 0x20, 0xf3, 0xad, 0xe9,
    0x54, 0x3d, 0x43, 0xa5, 0x74, 0xcb, 0x5c, 0x3,
    0xff, 0x80, 0xaa, 0x0, 0x80,

    /* U+0025 "%" */
    0x2, 0xbf, 0xc3, 0x0, 0xd5, 0x20, 0x1b, 0x87,
    0xef, 0x40, 0x24, 0x44, 0x80, 0x63, 0x90, 0x71,
    0x30, 0x4, 0xd8, 0x7, 0x84, 0x3, 0xa1, 0x94,
    0x3, 0x8e, 0xc1, 0xc4, 0xc9, 0xe4, 0x3, 0xdc,
    0x5f, 0x7a, 0x12, 0xe4, 0x1, 0xe2, 0xbf, 0xc3,
    0x55, 0x40, 0xdf, 0x61, 0x80, 0x7d, 0x76, 0xa,
    0x1e, 0xad, 0x0, 0xf4, 0x2a, 0x81, 0x24, 0x18,
    0x50, 0x3, 0x13, 0xc8, 0x7, 0xff, 0x3, 0xa0,
    0x80, 0x9, 0x20, 0xe2, 0x80, 0x12, 0x8b, 0x80,
    0x54, 0x3f, 0x54, 0x0,

    /* U+0026 "&" */
    0x0, 0x2e, 0xff, 0x50, 0x7, 0x25, 0x3d, 0xc3,
    0x8, 0x6, 0xd1, 0xa4, 0x6c, 0x10, 0xc, 0x23,
    0x0, 0x7e, 0xa0, 0xa0, 0xf, 0xd0, 0x29, 0x40,
    0x19, 0x5, 0xd7, 0x69, 0x68, 0x0, 0x56, 0xb4,
    0xa6, 0xb4, 0xb2, 0x8, 0x8, 0x46, 0x0, 0x59,
    0x69, 0xb6, 0x3, 0x40, 0x9, 0xa5, 0x8a, 0x3,
    0xca, 0xcc, 0x4f, 0x0, 0x12, 0x7, 0x81, 0xbd,
    0xc3, 0xd8, 0x77, 0x0,

    /* U+0027 "'" */
    0x7e, 0x0, 0xf2, 0xd0,

    /* U+0028 "(" */
    0x0, 0x45, 0x81, 0x3c, 0x5, 0x99, 0x81, 0xec,
    0xc, 0x50, 0x10, 0xc, 0x38, 0x3, 0x8, 0x0,
    0x44, 0x0, 0xd0, 0x10, 0x70, 0x40, 0x23, 0xf0,
    0x4, 0xa8, 0x1, 0x49, 0xc0, 0x1c, 0x20,

    /* U+0029 ")" */
    0x7c, 0x0, 0x39, 0x28, 0x1, 0xe4, 0x1, 0x46,
    0x60, 0x30, 0x40, 0x1, 0xe0, 0x1, 0xdc, 0x0,
    0x11, 0x0, 0x4, 0x40, 0x5, 0x50, 0x8, 0xb0,
    0x1c, 0x14, 0x35, 0x80, 0xd2, 0x1, 0xe8, 0x40,

    /* U+002A "*" */
    0x0, 0x9d, 0xc0, 0x11, 0x20, 0x6, 0x42, 0xf,
    0xbf, 0xea, 0xf0, 0x2b, 0xf7, 0x6e, 0xb2, 0x5,
    0x84, 0x38, 0x50, 0x4f, 0xdc, 0xbd, 0xc4, 0x45,
    0x8, 0x0, 0x65, 0x0, 0x25, 0x50, 0x4,

    /* U+002B "+" */
    0x0, 0xff, 0xe2, 0x7a, 0x80, 0x7f, 0xf3, 0xc4,
    0x70, 0x18, 0x8c, 0x9, 0xdd, 0x82, 0x7b, 0xab,
    0x5b, 0xbc, 0xf, 0x77, 0x40, 0xa2, 0x60, 0xd4,
    0x48, 0xc0, 0x3f, 0xfa, 0xa0,

    /* U+002C "," */
    0x1d, 0x73, 0x20, 0x40, 0x6c, 0x71,

    /* U+002D "-" */
    0x1, 0x1c, 0x7d, 0xd8, 0xf3, 0x30,

    /* U+002E "." */
    0x4f, 0x50, 0x8,

    /* U+002F "/" */
    0x0, 0x87, 0xcc, 0x2, 0x71, 0x30, 0xb, 0x5c,
    0x3, 0x26, 0x80, 0x4a, 0x8, 0x1, 0x7a, 0x80,
    0x65, 0xf0, 0x9, 0x1, 0x0, 0x2d, 0x41, 0x0,
    0x9f, 0x40, 0x23, 0x17, 0x0, 0xac, 0xc4, 0x2,
    0x5b, 0x0, 0xc0,

    /* U+0030 "0" */
    0x1, 0xae, 0xfb, 0x20, 0xb, 0x12, 0x29, 0xb0,
    0x41, 0x4a, 0x99, 0x70, 0x64, 0x3c, 0x50, 0x0,
    0x28, 0xa0, 0xea, 0x1, 0x8c, 0x80, 0xc4, 0x3,
    0x78, 0x8, 0x7, 0xf1, 0x88, 0x6, 0xf0, 0x17,
    0x50, 0xc, 0x64, 0x18, 0x26, 0x0, 0x14, 0x50,
    0x62, 0xd6, 0x5c, 0x19, 0x0, 0x62, 0x45, 0x36,
    0x8, 0x0,

    /* U+0031 "1" */
    0x19, 0xcf, 0xf1, 0x0, 0x9, 0xdc, 0x80, 0x18,
    0xfa, 0xf0, 0x3, 0xff, 0xe2, 0xaa, 0xe0, 0x45,
    0x30, 0xaa, 0x30, 0x4d, 0x40,

    /* U+0032 "2" */
    0x49, 0xdf, 0xd9, 0x10, 0x85, 0xaa, 0x2b, 0x60,
    0x76, 0x3a, 0xc5, 0x13, 0x10, 0x6, 0x40, 0x10,
    0xe, 0x40, 0x20, 0xc, 0x36, 0x6a, 0x1, 0xb4,
    0x38, 0x3, 0x59, 0xe9, 0x0, 0x56, 0x98, 0x60,
    0x15, 0x26, 0x18, 0x5, 0x2a, 0xcc, 0x55, 0x8d,
    0x1, 0xaa, 0xb8,

    /* U+0033 "3" */
    0x3b, 0xef, 0xeb, 0x30, 0x61, 0x9a, 0x96, 0xc3,
    0x5a, 0x75, 0x7c, 0xb, 0x0, 0xe1, 0x0, 0xf1,
    0x50, 0x50, 0x3, 0x3f, 0x53, 0x8, 0x1, 0xd9,
    0x45, 0xa6, 0x0, 0x23, 0x5c, 0x8, 0x0, 0xf2,
    0xa8, 0x3, 0x85, 0x55, 0x72, 0xcb, 0x1e, 0x31,
    0xab, 0x14, 0xa9, 0xa6,

    /* U+0034 "4" */
    0x0, 0xea, 0xfa, 0x0, 0xf2, 0x20, 0x3, 0xf5,
    0x40, 0x7, 0xd2, 0x4c, 0x1, 0xe3, 0x6e, 0x0,
    0xfb, 0xdc, 0x80, 0x3c, 0xe5, 0x0, 0x1e, 0x18,
    0x80, 0x8c, 0x0, 0x10, 0x20, 0x9e, 0xe8, 0x17,
    0x90, 0xee, 0xf8, 0x12, 0xd4, 0x11, 0x38, 0x5,
    0x4, 0x3, 0xfc,

    /* U+0035 "5" */
    0x4f, 0xfe, 0xe0, 0xa, 0x2a, 0xb0, 0x4, 0xab,
    0x90, 0x3, 0xfe, 0xdf, 0xf5, 0x10, 0x3b, 0x55,
    0xc2, 0xe0, 0x9c, 0xaa, 0x3e, 0xc, 0x80, 0x71,
    0x89, 0x80, 0x7f, 0xf0, 0x50, 0x4e, 0xe5, 0x99,
    0x36, 0x33, 0x8b, 0x12, 0xed, 0xe2,

    /* U+0036 "6" */
    0x0, 0x26, 0x7f, 0xb0, 0xc0, 0xd, 0x6f, 0x12,
    0xac, 0x5, 0x2d, 0x6e, 0xd2, 0xa1, 0x41, 0x0,
    0x1e, 0x33, 0x3f, 0x7f, 0x38, 0x1, 0x8e, 0x21,
    0x6f, 0xe, 0x1, 0x5b, 0x24, 0xa4, 0x80, 0x82,
    0x80, 0x58, 0x24, 0xa0, 0x1f, 0xb4, 0x14, 0x2,
    0xb1, 0x24, 0x45, 0xba, 0xd1, 0xc0, 0x2, 0xde,
    0x69, 0xe9, 0x80,

    /* U+0037 "7" */
    0xbf, 0xff, 0x64, 0x55, 0x68, 0x4, 0x35, 0x5d,
    0xe1, 0x40, 0x1c, 0xc6, 0x40, 0x19, 0x6, 0x80,
    0x3b, 0x81, 0x80, 0x39, 0x54, 0x1, 0xcc, 0x1c,
    0x1, 0xd4, 0x28, 0x1, 0x88, 0xd8, 0x3, 0xa8,
    0x28, 0x3, 0x94, 0xc8, 0x2,

    /* U+0038 "8" */
    0x3, 0xbe, 0xfc, 0x50, 0x1, 0xe3, 0xdd, 0x3d,
    0x28, 0x58, 0x6a, 0xaa, 0xc7, 0x80, 0x40, 0x40,
    0x23, 0x0, 0x58, 0x48, 0x89, 0xcb, 0xc0, 0xb1,
    0xfb, 0x91, 0x48, 0x5, 0xab, 0x76, 0x6a, 0x50,
    0x90, 0xb4, 0x44, 0xa5, 0x82, 0xa8, 0x3, 0x18,
    0x88, 0x94, 0x3, 0x18, 0xc, 0x8e, 0x2a, 0xa9,
    0x1c, 0x16, 0xc2, 0xe9, 0xa6, 0x0,

    /* U+0039 "9" */
    0x3, 0xcf, 0xea, 0x10, 0x1, 0xe0, 0x54, 0x26,
    0x0, 0x20, 0x71, 0x5b, 0x9, 0xc1, 0x50, 0x2,
    0x21, 0xb0, 0x10, 0xe, 0x33, 0x1, 0xb8, 0x4,
    0x24, 0x0, 0xa2, 0x91, 0x2a, 0x0, 0x9a, 0x1b,
    0xb4, 0x10, 0x40, 0xf, 0xfb, 0xd6, 0xca, 0x1,
    0x88, 0x58, 0xbc, 0xe, 0x59, 0x95, 0x2c, 0x80,
    0x25, 0x12, 0xf3, 0x20, 0x0,

    /* U+003A ":" */
    0x2f, 0x83, 0x0, 0xf, 0xc0, 0x7, 0xf0, 0xfc,
    0x18, 0x0,

    /* U+003B ";" */
    0x2f, 0x83, 0x0, 0xf, 0xc0, 0x7, 0xf0, 0xeb,
    0x99, 0x2, 0x3, 0x63, 0x88,

    /* U+003C "<" */
    0x0, 0xff, 0x10, 0x7, 0xc5, 0x1d, 0x20, 0x18,
    0x5b, 0x35, 0x99, 0x20, 0x5, 0xbe, 0x85, 0xce,
    0x82, 0x3f, 0xa1, 0xae, 0x93, 0x0, 0xc2, 0x2,
    0x1, 0xf1, 0xf5, 0x8d, 0x7d, 0x20, 0x7, 0x25,
    0x7d, 0xd, 0xf4, 0x98, 0x7, 0x2d, 0xf4, 0xa4,
    0x0, 0x7c, 0x2f, 0xb4,

    /* U+003D "=" */
    0x1, 0x1f, 0xe0, 0x4e, 0xef, 0xeb, 0x5b, 0xbf,
    0xe9, 0x15, 0x5f, 0xe2, 0x4e, 0xef, 0xeb, 0x5b,
    0xbf, 0xe9,

    /* U+003E ">" */
    0x11, 0x0, 0x7f, 0x2f, 0x52, 0x0, 0x7c, 0x92,
    0x37, 0xd2, 0x60, 0x1c, 0xd7, 0xd2, 0xb9, 0xae,
    0x40, 0x18, 0x5f, 0x35, 0x67, 0x64, 0x3, 0xc2,
    0x20, 0x0, 0x80, 0x45, 0x1b, 0x8b, 0x1d, 0x0,
    0xf9, 0xac, 0xbb, 0x8c, 0x20, 0x90, 0xb7, 0xd0,
    0x40, 0x19, 0x7e, 0x50, 0x3, 0xe0,

    /* U+003F "?" */
    0x4b, 0xef, 0xb3, 0x9, 0x1b, 0x95, 0xd1, 0xfa,
    0x56, 0xa1, 0x52, 0x0, 0x88, 0x1c, 0x2, 0x39,
    0x53, 0x0, 0x16, 0xa5, 0x0, 0x52, 0x76, 0x1,
    0x95, 0x0, 0x38, 0x84, 0x3, 0xb2, 0x0, 0x3b,
    0xa8, 0x3, 0x84, 0x3, 0x0,

    /* U+0040 "@" */
    0x0, 0xcf, 0x7d, 0xcd, 0x82, 0x0, 0xe3, 0xea,
    0xda, 0xd8, 0x2d, 0x60, 0x8, 0xf2, 0x35, 0x90,
    0xd6, 0xb2, 0x18, 0x1, 0xb2, 0xc0, 0x1e, 0x3d,
    0x92, 0x62, 0x60, 0x1a, 0xed, 0x6c, 0x53, 0x5a,
    0xda, 0x0, 0x53, 0x54, 0xd1, 0x80, 0x31, 0x15,
    0x40, 0x49, 0xc8, 0x8e, 0x0, 0x88, 0x40, 0x26,
    0x2, 0x0, 0x10, 0x4, 0x22, 0x26, 0x6, 0x1,
    0x0, 0x8, 0x5, 0xc8, 0x8f, 0x2, 0x25, 0x88,
    0xac, 0xe, 0x16, 0x64, 0xa6, 0x1e, 0xfd, 0xc3,
    0x34, 0x97, 0x88, 0xa7, 0x4c, 0xb7, 0xb9, 0x3b,
    0xf4, 0x20, 0x6, 0x9c, 0x83, 0x11, 0x9f, 0x50,
    0x3, 0x3e, 0x96, 0x7f, 0xbb, 0x61, 0x0, 0x38,
    0xab, 0xfb, 0x9f, 0x6a, 0x1, 0x0,

    /* U+0041 "A" */
    0x0, 0xd3, 0xf0, 0x1, 0xf9, 0x81, 0x80, 0x3e,
    0x50, 0x41, 0x40, 0xf, 0x70, 0xd0, 0x70, 0x7,
    0xa, 0x38, 0xaa, 0x84, 0x3, 0x30, 0x50, 0x70,
    0x38, 0x6, 0xa2, 0x30, 0x41, 0xa0, 0x8, 0xc9,
    0x44, 0x67, 0x32, 0x0, 0x50, 0x3f, 0x74, 0xc1,
    0x40, 0x7, 0x3b, 0xbe, 0x36, 0x5, 0x19, 0x44,
    0xea, 0x14, 0xe0, 0x50, 0xe, 0x60, 0xe0,

    /* U+0042 "B" */
    0x6f, 0xfd, 0xd4, 0x40, 0x14, 0xdd, 0xa5, 0x30,
    0x2, 0x44, 0x9e, 0xc5, 0x0, 0x3c, 0x20, 0x18,
    0x40, 0x7, 0x2, 0x80, 0xc, 0xff, 0x60, 0xe0,
    0x5, 0x59, 0x8a, 0x1c, 0x20, 0x3, 0x99, 0x97,
    0x46, 0x0, 0x3c, 0x24, 0xc0, 0x1e, 0x12, 0x70,
    0x2, 0x24, 0xd8, 0x1e, 0x0, 0x9b, 0xb4, 0x35,
    0xa0,

    /* U+0043 "C" */
    0x0, 0x8e, 0xbb, 0xfa, 0xd4, 0x2, 0x6c, 0x79,
    0xa8, 0x1a, 0x40, 0x39, 0x5d, 0x75, 0x6a, 0xd7,
    0x9, 0xb, 0x0, 0xe2, 0x30, 0x54, 0x10, 0xf,
    0xe2, 0x0, 0xff, 0xe4, 0x90, 0x7, 0xf2, 0xa0,
    0x80, 0x7e, 0x90, 0xb0, 0xe, 0x23, 0x3, 0x95,
    0xd7, 0x56, 0xad, 0x70, 0x3, 0x63, 0xcd, 0x40,
    0xd2, 0x0,

    /* U+0044 "D" */
    0x6f, 0xfd, 0xb4, 0xa0, 0x1d, 0x37, 0x54, 0x1a,
    0xb0, 0xc, 0x88, 0x57, 0xb9, 0x49, 0x0, 0xfc,
    0xc8, 0xc0, 0x1f, 0xda, 0x6, 0x1, 0xf8, 0x81,
    0x80, 0x3f, 0x8, 0x7, 0xf8, 0xc1, 0x80, 0x3f,
    0x68, 0x18, 0x7, 0xcc, 0x8e, 0x1, 0x22, 0x15,
    0xee, 0x52, 0x0, 0x29, 0xba, 0x91, 0xab, 0x0,
    0x0,

    /* U+0045 "E" */
    0x6f, 0xff, 0x80, 0x29, 0xaa, 0xe0, 0x9, 0x15,
    0x78, 0x3, 0xff, 0x80, 0x23, 0xc0, 0x1b, 0x3b,
    0xb5, 0x80, 0x55, 0x77, 0xa4, 0x2, 0x74, 0x4c,
    0x40, 0x1f, 0xfc, 0x94, 0x55, 0xe0, 0xa, 0x6a,
    0xb8, 0x40,

    /* U+0046 "F" */
    0x6f, 0xff, 0x20, 0x2, 0x6a, 0xb2, 0x80, 0x11,
    0x57, 0x8, 0x7, 0xf8, 0x47, 0x0, 0x6c, 0xee,
    0xb0, 0x2, 0xab, 0xbb, 0xc0, 0x27, 0x44, 0x8c,
    0x3, 0xff, 0xaa,

    /* U+0047 "G" */
    0x0, 0x8e, 0xbb, 0xfd, 0x90, 0x20, 0x13, 0x63,
    0xcd, 0x51, 0x5b, 0x40, 0x7, 0x2b, 0xae, 0xaa,
    0x9f, 0xb0, 0x4, 0x5, 0x80, 0x70, 0xb8, 0x1,
    0x10, 0x20, 0x1f, 0xe2, 0x0, 0xfe, 0x10, 0xf,
    0x7f, 0xe1, 0x10, 0x10, 0x6, 0xcc, 0x30, 0x4,
    0x88, 0x10, 0x8, 0xcd, 0xc0, 0x14, 0x5, 0x80,
    0x7f, 0x1c, 0xae, 0xba, 0xaa, 0x28, 0x3, 0x36,
    0x3c, 0xd5, 0x12, 0xb8, 0x40,

    /* U+0048 "H" */
    0x6f, 0x20, 0xc, 0x3e, 0xe0, 0x1f, 0xfd, 0x41,
    0x1e, 0x30, 0xd, 0x9d, 0xdb, 0x40, 0x35, 0x5d,
    0xea, 0x0, 0xce, 0x89, 0xc0, 0x1f, 0xfd, 0xe0,

    /* U+0049 "I" */
    0x6f, 0x20, 0xf, 0xfe, 0xa8,

    /* U+004A "J" */
    0x0, 0x37, 0x90, 0x7, 0xff, 0xa0, 0x40, 0x36,
    0x81, 0x24, 0x2a, 0x82, 0x59, 0x94, 0x0,

    /* U+004B "K" */
    0x6f, 0x20, 0x8, 0xfb, 0x44, 0x3, 0x8f, 0x4b,
    0x4, 0x3, 0x1e, 0x16, 0x8, 0x6, 0x4c, 0x4c,
    0x0, 0xe5, 0xb4, 0xb0, 0xf, 0x41, 0x58, 0x7,
    0xc8, 0x50, 0x1, 0xf4, 0xb3, 0xb8, 0x3, 0xe9,
    0x58, 0x70, 0xf, 0xa9, 0x61, 0x80, 0x3e, 0xa5,
    0x96, 0x0, 0xfa, 0x92, 0x54,

    /* U+004C "L" */
    0x6f, 0x20, 0xf, 0xff, 0xf8, 0x6, 0x45, 0x5c,
    0x80, 0x9, 0xaa, 0xd2,

    /* U+004D "M" */
    0x6f, 0xf0, 0x80, 0x64, 0xff, 0x20, 0x4, 0xc0,
    0x1b, 0x80, 0x39, 0x68, 0x3, 0x2b, 0x0, 0x6e,
    0x23, 0x0, 0x30, 0xe0, 0x6, 0x53, 0xa0, 0x5,
    0x38, 0x80, 0x75, 0x38, 0x11, 0xd0, 0x7, 0x9c,
    0x51, 0x48, 0xc0, 0x3c, 0x29, 0xd4, 0xa0, 0x1f,
    0xb9, 0x4a, 0x80, 0x3f, 0x2a, 0x98, 0x80, 0x3f,
    0xaa, 0x40, 0x3f, 0xf8, 0xa0,

    /* U+004E "N" */
    0x6f, 0xe0, 0xc, 0x5e, 0xc0, 0x1, 0x70, 0xf,
    0xc9, 0x20, 0x1f, 0xa0, 0x60, 0x3, 0xe2, 0x67,
    0x10, 0xf, 0xa0, 0x24, 0x3, 0xe1, 0x77, 0x8,
    0x7, 0xd2, 0x10, 0x1, 0xf0, 0xbb, 0x8, 0x7,
    0xd2, 0x10, 0x1, 0xf0, 0xc2, 0x0, 0x7e, 0x71,
    0x0, 0x0,

    /* U+004F "O" */
    0x0, 0x92, 0xfb, 0xf6, 0x44, 0x3, 0x3d, 0xbc,
    0x52, 0xbf, 0x90, 0x0, 0xe1, 0x71, 0x96, 0x30,
    0x7c, 0x1, 0x21, 0x60, 0x18, 0xa0, 0x90, 0x15,
    0x4, 0x3, 0x94, 0x30, 0x0, 0x40, 0x1e, 0x20,
    0x21, 0x0, 0xff, 0x84, 0x8, 0x3, 0xc4, 0x4,
    0x8, 0x81, 0x0, 0xe5, 0xc, 0x8, 0xb, 0x0,
    0xc5, 0x24, 0x80, 0x70, 0xb8, 0xcb, 0x18, 0x1e,
    0x1, 0x3d, 0xbc, 0x52, 0xbf, 0x90, 0x0,

    /* U+0050 "P" */
    0x6f, 0xfd, 0x8c, 0x1, 0xa6, 0xe9, 0xe6, 0x0,
    0x24, 0x42, 0xd9, 0x38, 0x7, 0xc8, 0x2, 0x1,
    0xe2, 0x1, 0x0, 0x8, 0xb, 0xa2, 0x80, 0x59,
    0xfd, 0xb, 0x60, 0x15, 0x66, 0xfd, 0x8, 0x4,
    0xe6, 0x40, 0x1f, 0xfd, 0x30,

    /* U+0051 "Q" */
    0x0, 0x92, 0xfb, 0xf6, 0x4, 0x3, 0x3d, 0xbc,
    0x52, 0xb7, 0x90, 0x0, 0xe1, 0x71, 0x96, 0x30,
    0x78, 0x1, 0x21, 0x60, 0x18, 0x9c, 0xd0, 0x15,
    0x4, 0x3, 0xa8, 0x30, 0x0, 0x40, 0x1e, 0x20,
    0x21, 0x0, 0xff, 0x84, 0x8, 0x3, 0xc4, 0x4,
    0x8, 0x81, 0x0, 0xe5, 0xc, 0x8, 0xb, 0x0,
    0xc5, 0x24, 0x80, 0x70, 0xb8, 0xc8, 0xf8, 0x3c,
    0x1, 0x3d, 0xbc, 0x5c, 0x1e, 0x98, 0x6, 0x4b,
    0xef, 0x62, 0x60, 0xf, 0xe9, 0x4b, 0x30,

    /* U+0052 "R" */
    0x6f, 0xfd, 0xb0, 0x1, 0xd3, 0x74, 0xee, 0x80,
    0xc, 0x88, 0x5a, 0x37, 0x0, 0xfc, 0xa0, 0x20,
    0x1f, 0x10, 0x88, 0x2, 0x10, 0x16, 0x48, 0x0,
    0xd9, 0xfd, 0x2c, 0xc0, 0xd, 0x59, 0x46, 0xca,
    0x1, 0x9c, 0xd7, 0xa, 0xc0, 0x3f, 0x40, 0xb8,
    0x7, 0xca, 0x72, 0x1, 0xfa, 0x5, 0x80,

    /* U+0053 "S" */
    0x4, 0xbe, 0xfd, 0xa4, 0x6, 0xb7, 0x8a, 0xa0,
    0xe0, 0x59, 0x63, 0x2b, 0xdc, 0x1, 0xb0, 0x7,
    0xc8, 0x87, 0x10, 0xe, 0xb3, 0x8e, 0xe5, 0x20,
    0x0, 0x73, 0x61, 0x55, 0x6e, 0x1, 0x13, 0xdf,
    0x1c, 0x8, 0x7, 0xd, 0x1, 0x10, 0x3, 0xbc,
    0x7, 0x30, 0xea, 0xaa, 0x64, 0x2b, 0x6a, 0xa9,
    0xe2, 0xc0,

    /* U+0054 "T" */
    0xf, 0xff, 0xed, 0xa, 0xac, 0x27, 0x55, 0x48,
    0x2a, 0xe0, 0x75, 0x59, 0x0, 0x3f, 0xff, 0xe0,
    0x1f, 0xfc, 0xc0,

    /* U+0055 "U" */
    0x9f, 0x0, 0xe4, 0xf5, 0x0, 0xff, 0xfd, 0x8,
    0x8, 0x6, 0x20, 0x6c, 0x6, 0x0, 0xda, 0x26,
    0x88, 0x89, 0x56, 0xb4, 0x80, 0x5, 0xba, 0x54,
    0xbd, 0x30, 0x0,

    /* U+0056 "V" */
    0xbe, 0x0, 0xfb, 0xeb, 0x85, 0x40, 0x39, 0x83,
    0x94, 0x78, 0x3, 0xb4, 0x50, 0x1d, 0x4, 0x2,
    0x14, 0x60, 0x5, 0x3, 0x80, 0x4c, 0x14, 0x0,
    0x32, 0xa0, 0xa, 0x8c, 0x80, 0x2a, 0x32, 0x3,
    0x2a, 0x0, 0xcc, 0x14, 0x14, 0xe, 0x1, 0x85,
    0x18, 0x1d, 0x44, 0x3, 0xb8, 0x60, 0x78, 0x3,
    0xca, 0xe, 0x28, 0x1, 0xf3, 0x3, 0x0, 0x60,

    /* U+0057 "W" */
    0x5f, 0x30, 0x8, 0x7f, 0x80, 0x33, 0x79, 0x20,
    0x20, 0x4, 0x80, 0x24, 0x1, 0x60, 0x90, 0x96,
    0x0, 0x58, 0x84, 0x80, 0x12, 0x20, 0x0, 0x88,
    0x0, 0x93, 0x1f, 0x0, 0x4, 0x3a, 0x0, 0xf0,
    0x30, 0x12, 0x4c, 0x40, 0x2, 0x2, 0x0, 0x10,
    0x10, 0x14, 0xd, 0x4, 0x83, 0x0, 0xc0, 0x4,
    0x38, 0x18, 0x80, 0x42, 0xe0, 0xe8, 0x1, 0x91,
    0x41, 0xc, 0x0, 0x98, 0x25, 0x80, 0x1b, 0x4,
    0xcd, 0x80, 0xd, 0x44, 0x2, 0x0, 0x64, 0x8,
    0x4, 0x0, 0x21, 0x70, 0x18, 0x6, 0x21, 0x43,
    0x0, 0x8c, 0x11, 0x0, 0x1e, 0x40, 0x40, 0xc,
    0x81, 0x80, 0x10,

    /* U+0058 "X" */
    0xa, 0xe1, 0x0, 0xd9, 0xa0, 0xb, 0xb, 0x0,
    0x9c, 0xf8, 0x0, 0x36, 0xaa, 0x2, 0x86, 0x30,
    0x9, 0x52, 0xc7, 0x86, 0x40, 0x3a, 0x87, 0xe,
    0x80, 0x3c, 0x2e, 0x4a, 0x80, 0x1f, 0x30, 0x20,
    0x7, 0xd2, 0x36, 0x32, 0x1, 0xc6, 0xd0, 0x90,
    0xc6, 0x1, 0xb8, 0xdc, 0x1c, 0xb8, 0x2, 0x82,
    0xe0, 0xb, 0x8a, 0x0, 0xdd, 0xc4, 0x1, 0x1b,
    0xb8, 0x80,

    /* U+0059 "Y" */
    0xb, 0xe1, 0x0, 0xc7, 0xee, 0x14, 0x36, 0x1,
    0xb8, 0xdc, 0x6, 0x55, 0x0, 0x10, 0x5e, 0x1,
    0x32, 0x50, 0x93, 0xb8, 0xc0, 0x34, 0x8d, 0xf1,
    0x40, 0x7, 0x14, 0xa9, 0xf0, 0x7, 0xcc, 0x28,
    0x60, 0x1f, 0xfe, 0xe0,

    /* U+005A "Z" */
    0x1f, 0xff, 0xe1, 0x15, 0x57, 0xa0, 0xc, 0x41,
    0x57, 0xd6, 0x3c, 0x1, 0xf4, 0x9d, 0x10, 0x7,
    0x99, 0x90, 0x80, 0x1e, 0x39, 0x47, 0x0, 0xf0,
    0xf1, 0x50, 0x7, 0xd4, 0x5c, 0x20, 0x1e, 0x74,
    0x93, 0x0, 0xf2, 0x43, 0x30, 0x3, 0xc3, 0x41,
    0x8a, 0xbe, 0x15, 0x10, 0xaa, 0xf9, 0x40,

    /* U+005B "[" */
    0xaf, 0xf5, 0x81, 0x6d, 0x0, 0x8, 0x40, 0x3f,
    0xfb, 0xa5, 0xf5, 0x7b, 0xab,

    /* U+005C "\\" */
    0xd7, 0x0, 0xcb, 0x60, 0x1a, 0xcc, 0x40, 0x23,
    0x17, 0x0, 0xcf, 0xa0, 0x1b, 0x50, 0x40, 0x24,
    0x4, 0x0, 0xcb, 0xe0, 0x1b, 0xd4, 0x3, 0x28,
    0x20, 0x6, 0x4d, 0x0, 0xda, 0xe0, 0x19, 0xc4,
    0xc0,

    /* U+005D "]" */
    0x7f, 0xf7, 0x3e, 0xa8, 0x0, 0x8c, 0x3, 0xff,
    0xba, 0xde, 0xc0, 0xdb, 0xaf,

    /* U+005E "^" */
    0x0, 0xc5, 0xa, 0x1, 0xf0, 0xe3, 0xd3, 0x0,
    0x70, 0xe1, 0xf3, 0xca, 0x80, 0x43, 0x83, 0x83,
    0x10, 0xa5, 0x0, 0x68, 0xe0, 0x80, 0x1e, 0x69,
    0x0,

    /* U+005F "_" */
    0x2f, 0xff, 0xc4, 0x4d, 0xdf, 0xc4,

    /* U+0060 "`" */
    0x4f, 0x40, 0x2, 0x4d, 0x8, 0x1, 0x99, 0x40,

    /* U+0061 "a" */
    0x2, 0xae, 0xfd, 0x90, 0x9, 0x8a, 0xf2, 0xd3,
    0x0, 0x9, 0xa, 0x6d, 0xc6, 0x40, 0x7, 0xce,
    0xfc, 0x7, 0x8, 0x85, 0x6e, 0xb0, 0x2, 0x67,
    0x63, 0x20, 0xc, 0x3e, 0x1, 0x58, 0x4, 0x94,
    0x40, 0xcc, 0x0, 0xa9, 0xf3, 0xf7, 0x40, 0x0,

    /* U+0062 "b" */
    0x8e, 0x0, 0xff, 0xe7, 0x9e, 0x7f, 0x38, 0x4,
    0x3b, 0x56, 0xf0, 0xc0, 0x15, 0xb2, 0x4a, 0xc0,
    0x4, 0xa0, 0x17, 0x89, 0x0, 0x80, 0x66, 0x1,
    0x1, 0x0, 0xcc, 0x2, 0x0, 0x50, 0xb, 0xc4,
    0x80, 0x16, 0xc9, 0x2b, 0x0, 0x1, 0xda, 0xb7,
    0x86, 0x0,

    /* U+0063 "c" */
    0x0, 0x15, 0x77, 0xeb, 0x81, 0xeb, 0xdd, 0xdc,
    0x10, 0x3a, 0xa8, 0xd2, 0x8, 0xc0, 0x1c, 0x21,
    0xe0, 0x1c, 0x21, 0xe0, 0x1e, 0x46, 0x0, 0xf4,
    0xe, 0xb2, 0x34, 0x81, 0xe3, 0x4d, 0xdb, 0x80,

    /* U+0064 "d" */
    0x0, 0xfa, 0xec, 0x1, 0xff, 0xc8, 0x5d, 0xfd,
    0x50, 0x9, 0x29, 0xae, 0x2d, 0x40, 0x10, 0x56,
    0x8b, 0xa2, 0x0, 0x35, 0x0, 0x8c, 0x80, 0x43,
    0x80, 0x30, 0x80, 0x80, 0x80, 0x61, 0x0, 0x1e,
    0x0, 0x44, 0x40, 0x4, 0x23, 0x81, 0x70, 0x4,
    0x95, 0x4f, 0xf5, 0x20, 0x0,

    /* U+0065 "e" */
    0x0, 0x15, 0xff, 0xb0, 0xc0, 0x5, 0xaf, 0x56,
    0xd8, 0x61, 0x23, 0x8a, 0x94, 0x52, 0x8, 0xc0,
    0x19, 0x50, 0x41, 0xff, 0xf3, 0x88, 0x81, 0xb7,
    0x7c, 0x8, 0x82, 0x2f, 0x4, 0x96, 0x32, 0x2c,
    0x40, 0xb, 0x5a, 0x2e, 0xc7, 0x80,

    /* U+0066 "f" */
    0x0, 0x2e, 0xff, 0x80, 0x69, 0x33, 0x0, 0x41,
    0x46, 0x6a, 0xc0, 0xcf, 0x9b, 0xa0, 0xbd, 0x81,
    0x10, 0x39, 0x8, 0x7, 0xff, 0x60,

    /* U+0067 "g" */
    0x0, 0x2e, 0xfe, 0xad, 0xd8, 0x12, 0x9e, 0xe2,
    0xa, 0x0, 0x83, 0xa4, 0x5f, 0x10, 0x1, 0xd8,
    0x4, 0x44, 0x1, 0x1, 0x0, 0xc2, 0x2, 0x2,
    0x1, 0x84, 0x0, 0x76, 0x1, 0x11, 0x0, 0x10,
    0x74, 0x8b, 0xe2, 0x0, 0x4a, 0x7b, 0x88, 0x10,
    0x80, 0x17, 0x7f, 0x50, 0xf4, 0x1, 0x28, 0x6b,
    0x82, 0xc0, 0x2, 0xac, 0xb7, 0xc1,

    /* U+0068 "h" */
    0x8e, 0x0, 0xff, 0xe6, 0x15, 0xfe, 0xb0, 0x0,
    0x7f, 0x2d, 0x25, 0x0, 0x12, 0xe9, 0x25, 0xc0,
    0x4, 0x0, 0x9d, 0x80, 0x40, 0x3f, 0xfb, 0x40,

    /* U+0069 "i" */
    0x7f, 0x13, 0x6c, 0x7f, 0x0, 0xff, 0xe2, 0x0,

    /* U+006A "j" */
    0x0, 0x3f, 0x80, 0x4, 0xc0, 0xd, 0x80, 0x7,
    0xf0, 0xf, 0xfe, 0xb7, 0x88, 0x91, 0x51, 0x6d,
    0xa0,

    /* U+006B "k" */
    0x8e, 0x0, 0xff, 0xe9, 0x37, 0xb8, 0x7, 0x3c,
    0xc9, 0xc0, 0x34, 0xc5, 0xb0, 0x6, 0xa7, 0xc4,
    0x0, 0xc2, 0xaa, 0x30, 0xe, 0x1c, 0x4a, 0x0,
    0xf1, 0xe2, 0xd0, 0x7, 0x8f, 0x16, 0x80, 0x3c,
    0x78, 0xb6, 0x0,

    /* U+006C "l" */
    0x7f, 0x0, 0xff, 0xe5, 0x0,

    /* U+006D "m" */
    0x8e, 0x3c, 0xfd, 0x50, 0x6d, 0xfb, 0x10, 0x0,
    0xf5, 0x5b, 0x54, 0x54, 0x52, 0xd0, 0x5, 0x2c,
    0x94, 0xd, 0x8a, 0xa8, 0x41, 0x0, 0x20, 0x0,
    0x44, 0x80, 0x12, 0x81, 0x0, 0x80, 0x71, 0x80,
    0x7f, 0xfc, 0x80,

    /* U+006E "n" */
    0x8e, 0x3c, 0xfd, 0x60, 0x0, 0xfc, 0x75, 0xca,
    0x0, 0x3d, 0x5, 0x8b, 0x80, 0x6, 0x1, 0x3b,
    0x0, 0x80, 0x7f, 0xf6, 0x80,

    /* U+006F "o" */
    0x0, 0x26, 0x7f, 0xac, 0x80, 0x9, 0x6f, 0x74,
    0xd8, 0x21, 0x5, 0x68, 0xb8, 0x30, 0x6, 0xa0,
    0x10, 0xa2, 0x4, 0x38, 0x3, 0x9, 0x88, 0x70,
    0x6, 0x13, 0x3, 0x50, 0x8, 0x51, 0x1, 0x5,
    0x6a, 0xac, 0x18, 0x4, 0xb7, 0xaa, 0x36, 0x8,

    /* U+0070 "p" */
    0x8e, 0x4d, 0xfe, 0x70, 0x8, 0x67, 0xbe, 0x20,
    0xc0, 0x14, 0x98, 0x33, 0x20, 0x2, 0x40, 0xb,
    0x44, 0x80, 0x40, 0x33, 0x80, 0x80, 0x80, 0x66,
    0x1, 0x0, 0x30, 0x5, 0xc2, 0x40, 0x8, 0x74,
    0x94, 0x80, 0x0, 0xed, 0xd9, 0xe1, 0x80, 0x23,
    0xcf, 0xe7, 0x0, 0xff, 0xe4, 0x0,

    /* U+0071 "q" */
    0x0, 0x2e, 0xfe, 0xad, 0xd8, 0x12, 0x9e, 0xe2,
    0xd4, 0x1, 0x5, 0x48, 0xba, 0x20, 0x3, 0xa0,
    0x8, 0xc8, 0x4, 0x4, 0x3, 0x8, 0x8, 0x8,
    0x6, 0x10, 0x1, 0xd0, 0x4, 0x64, 0x0, 0x82,
    0xb4, 0x5d, 0x10, 0x2, 0x53, 0x5c, 0x5a, 0x80,
    0x4b, 0xbf, 0xaa, 0x1, 0xff, 0xc8,

    /* U+0072 "r" */
    0x0, 0xf4, 0x72, 0x67, 0xc8, 0xc, 0xc7, 0x58,
    0x2, 0x50, 0x48, 0x0, 0x80, 0x18, 0x40, 0x3f,
    0xfa, 0x0,

    /* U+0073 "s" */
    0x1, 0xae, 0xfe, 0xb0, 0x6, 0xbd, 0xe5, 0x90,
    0x81, 0xda, 0x9a, 0xc8, 0x81, 0xc3, 0x10, 0x6,
    0xd7, 0x8d, 0xe7, 0x0, 0xc, 0xf6, 0xb4, 0x28,
    0x6, 0x28, 0xd, 0x1c, 0x64, 0x44, 0x85, 0x8a,
    0xdd, 0xcb, 0x66,

    /* U+0074 "t" */
    0x4, 0x70, 0xd, 0x90, 0x1, 0xfd, 0x2e, 0x1f,
    0xee, 0x86, 0xd, 0xd7, 0x88, 0x80, 0x88, 0x20,
    0x1f, 0xfc, 0x7f, 0x0, 0xe2, 0x6, 0x32, 0x5,
    0x68, 0xcc, 0x0,

    /* U+0075 "u" */
    0xac, 0x0, 0xd9, 0x60, 0x1f, 0xfd, 0x43, 0x10,
    0xf, 0x71, 0x80, 0x42, 0x60, 0xa3, 0x2, 0x54,
    0x0, 0x2a, 0x5e, 0xfe, 0x30,

    /* U+0076 "v" */
    0x5f, 0x20, 0xd, 0x7a, 0xa1, 0x40, 0x10, 0xa5,
    0x3, 0x30, 0x2, 0x60, 0x60, 0xa1, 0x40, 0x5,
    0xa0, 0x81, 0x97, 0x1, 0x1f, 0x0, 0x4a, 0xa0,
    0xa0, 0x50, 0xa, 0x81, 0x59, 0x40, 0x31, 0x1d,
    0x8f, 0x0, 0x75, 0x8, 0x90, 0x0,

    /* U+0077 "w" */
    0x3f, 0x30, 0x3, 0x7c, 0x0, 0xb, 0xd0, 0xc5,
    0x0, 0x18, 0x8, 0x0, 0x40, 0x40, 0x5c, 0x0,
    0x23, 0x98, 0x3, 0xc, 0x1, 0x88, 0x6, 0x32,
    0x8, 0x8, 0x80, 0x2, 0x82, 0x20, 0xc5, 0x30,
    0x87, 0x0, 0x4, 0x39, 0x84, 0xc, 0x44, 0x2,
    0x0, 0x48, 0x96, 0x2, 0x1e, 0x98, 0x6, 0xc3,
    0x4, 0x3, 0x14, 0x40, 0x6, 0x40, 0x30, 0x9,
    0x43, 0x0, 0x0,

    /* U+0078 "x" */
    0xd, 0xc0, 0x9, 0x3d, 0x83, 0x8e, 0x0, 0x69,
    0x18, 0xe, 0x1d, 0x28, 0x28, 0x2, 0x74, 0xb4,
    0xa1, 0x0, 0xdc, 0x6, 0x80, 0x18, 0x6c, 0xcc,
    0xc0, 0x1a, 0x83, 0x5e, 0x48, 0x0, 0xe9, 0xa3,
    0x7, 0xe0, 0x70, 0xe6, 0x0, 0xe2, 0x90,

    /* U+0079 "y" */
    0x5f, 0x30, 0xd, 0x78, 0xa3, 0x40, 0x11, 0x25,
    0x4, 0xb0, 0x5, 0x40, 0xc0, 0xc0, 0xc0, 0x6,
    0x60, 0x0, 0x56, 0x81, 0x46, 0xc0, 0x29, 0x33,
    0x49, 0x90, 0x4, 0x65, 0xe7, 0x20, 0x1d, 0x66,
    0x2a, 0x1, 0xce, 0xc, 0x1, 0xe7, 0xa, 0x0,
    0xc4, 0x90, 0x84, 0x1, 0xa6, 0xca, 0x80, 0x30,

    /* U+007A "z" */
    0x1f, 0xff, 0x58, 0xee, 0xe9, 0x3, 0x2, 0x28,
    0xe1, 0x20, 0x3, 0x69, 0xd0, 0x6, 0xa2, 0xf1,
    0x0, 0xa1, 0x68, 0x80, 0x25, 0x79, 0x40, 0x8,
    0xa9, 0x10, 0x45, 0xb, 0x82, 0x6e, 0xea,

    /* U+007B "{" */
    0x0, 0xa7, 0xbc, 0xc0, 0xc, 0xc8, 0xd3, 0x0,
    0x70, 0xb1, 0x0, 0x42, 0x1, 0xf1, 0x80, 0x71,
    0x80, 0x71, 0x22, 0x0, 0x2f, 0xd2, 0x80, 0xb,
    0x68, 0xe4, 0x2, 0x25, 0x58, 0x3, 0x8c, 0x3,
    0xe3, 0x0, 0xe1, 0x0, 0xf7, 0x9, 0x80, 0x67,
    0x3c, 0xf2, 0x0, 0xe, 0x76, 0x90,

    /* U+007C "|" */
    0xf5, 0x0, 0xff, 0xe9, 0x0,

    /* U+007D "}" */
    0xfe, 0xb1, 0x0, 0xb6, 0x92, 0x40, 0x22, 0x44,
    0x18, 0x7, 0x9c, 0x3, 0xff, 0x80, 0x22, 0x0,
    0xed, 0x24, 0x0, 0xce, 0xb7, 0xe4, 0x0, 0x55,
    0x46, 0x10, 0x3, 0xc9, 0xcc, 0x3, 0x8, 0x7,
    0x8, 0x7, 0xce, 0x1, 0x85, 0x48, 0x2, 0xfe,
    0x3b, 0x0, 0xb7, 0xb4, 0x80, 0x20,

    /* U+007E "~" */
    0x0, 0xff, 0xe0, 0x36, 0xff, 0x52, 0x89, 0x3d,
    0x25, 0xdd, 0x3, 0x5d, 0xb5, 0x2b, 0xac, 0x8d,
    0x7f, 0x9d, 0xa6,

    /* U+00C0 "À" */
    0x0, 0x87, 0x98, 0x3, 0xf0, 0xe4, 0x18, 0x7,
    0xe2, 0xe3, 0x0, 0xfd, 0x3f, 0x0, 0x1f, 0x98,
    0x18, 0x3, 0xe5, 0x4, 0x14, 0x0, 0xf7, 0xd,
    0x7, 0x0, 0x70, 0xa3, 0x8a, 0xa8, 0x40, 0x33,
    0x5, 0x7, 0x3, 0x80, 0x6a, 0x23, 0x4, 0x1a,
    0x0, 0x8c, 0x94, 0x46, 0x73, 0x20, 0x5, 0x3,
    0xf7, 0x4c, 0x14, 0x0, 0x73, 0xbb, 0xe3, 0x60,
    0x51, 0x94, 0x4e, 0xa1, 0x4e, 0x5, 0x0, 0xe6,
    0xe,

    /* U+00C1 "Á" */
    0x0, 0xe7, 0xd1, 0x0, 0xf9, 0x27, 0x4, 0x3,
    0xe4, 0xe1, 0x0, 0xfd, 0x3f, 0x0, 0x1f, 0x98,
    0x18, 0x3, 0xe5, 0x4, 0x14, 0x0, 0xf7, 0xd,
    0x7, 0x0, 0x70, 0xa3, 0x8a, 0xa8, 0x40, 0x33,
    0x5, 0x7, 0x3, 0x80, 0x6a, 0x23, 0x4, 0x1a,
    0x0, 0x8c, 0x94, 0x46, 0x73, 0x20, 0x5, 0x3,
    0xf7, 0x4c, 0x14, 0x0, 0x73, 0xbb, 0xe3, 0x60,
    0x51, 0x94, 0x4e, 0xa1, 0x4e, 0x5, 0x0, 0xe6,
    0xe,

    /* U+00C2 "Â" */
    0x0, 0xd5, 0xd2, 0x1, 0xf3, 0x87, 0x13, 0x80,
    0x79, 0xe8, 0x2d, 0xc0, 0x3e, 0x9f, 0x80, 0xf,
    0xcc, 0xc, 0x1, 0xf2, 0x82, 0xa, 0x0, 0x7b,
    0x86, 0x83, 0x80, 0x38, 0x51, 0xc5, 0x54, 0x20,
    0x19, 0x82, 0x83, 0x81, 0xc0, 0x35, 0x11, 0x82,
    0xd, 0x0, 0x46, 0x4a, 0x23, 0x39, 0x90, 0x2,
    0x81, 0xfb, 0xa6, 0xa, 0x0, 0x39, 0xdd, 0xf1,
    0xb0, 0x28, 0xca, 0x27, 0x50, 0xa7, 0x2, 0x80,
    0x73, 0x7, 0x0,

    /* U+00C3 "Ã" */
    0x0, 0xa3, 0xa0, 0x78, 0x3, 0xcd, 0xe1, 0xf2,
    0x1, 0xee, 0x18, 0xe7, 0x0, 0xfa, 0x7e, 0x0,
    0x3f, 0x30, 0x30, 0x7, 0xca, 0x8, 0x28, 0x1,
    0xee, 0x1a, 0xe, 0x0, 0xe1, 0x47, 0x15, 0x50,
    0x80, 0x66, 0xa, 0xe, 0x7, 0x0, 0xd4, 0x46,
    0x8, 0x34, 0x1, 0x19, 0x28, 0x8c, 0xe6, 0x40,
    0xa, 0x7, 0xee, 0x98, 0x28, 0x0, 0xe7, 0x77,
    0xc6, 0xc0, 0xa3, 0x28, 0x9d, 0x42, 0x9c, 0xa,
    0x1, 0xcc, 0x1c,

    /* U+00C4 "Ä" */
    0x0, 0xa1, 0x81, 0xdc, 0x1, 0xe5, 0xd0, 0xbb,
    0x0, 0x7b, 0x6c, 0x33, 0x0, 0x1f, 0x4f, 0xc0,
    0x7, 0xe6, 0x6, 0x0, 0xf9, 0x41, 0x5, 0x0,
    0x3d, 0xc3, 0x41, 0xc0, 0x1c, 0x28, 0xe2, 0xaa,
    0x10, 0xc, 0xc1, 0x41, 0xc0, 0xe0, 0x1a, 0x88,
    0xc1, 0x6, 0x80, 0x23, 0x25, 0x11, 0x9c, 0xc8,
    0x1, 0x40, 0xfd, 0xd3, 0x5, 0x0, 0x1c, 0xee,
    0xf8, 0xd8, 0x14, 0x65, 0x13, 0xa8, 0x53, 0x81,
    0x40, 0x39, 0x83, 0x80,

    /* U+00C5 "Å" */
    0x0, 0xd7, 0xd4, 0x1, 0xf4, 0x1f, 0x1b, 0x80,
    0x78, 0x40, 0x2f, 0x0, 0xf5, 0x3f, 0xbd, 0x0,
    0x78, 0xc4, 0xc, 0x80, 0x3c, 0x82, 0x84, 0x60,
    0x1e, 0xe1, 0xa0, 0xa0, 0xe, 0x15, 0x71, 0x56,
    0x0, 0xe7, 0xa, 0xe, 0x5, 0x0, 0xd4, 0x46,
    0x8, 0x3c, 0x1, 0x11, 0xa8, 0x8c, 0xe8, 0x20,
    0xa, 0x7, 0xee, 0x98, 0x18, 0x0, 0xc7, 0x77,
    0xc7, 0x40, 0x83, 0x28, 0x9d, 0x44, 0x7e, 0xa,
    0x1, 0xcc, 0x14,

    /* U+00C6 "Æ" */
    0x0, 0xc9, 0xff, 0xfc, 0xc0, 0x1b, 0x86, 0x81,
    0x2a, 0xb9, 0x0, 0x21, 0x57, 0x50, 0x15, 0x5e,
    0x20, 0x9, 0x82, 0xc0, 0x3f, 0xf8, 0x14, 0x64,
    0x1, 0x8, 0xf0, 0x4, 0x85, 0x40, 0x12, 0xf7,
    0x71, 0x80, 0x3c, 0x18, 0x2, 0x4b, 0xbe, 0x30,
    0x14, 0x51, 0x18, 0x5, 0x13, 0x80, 0x12, 0xb,
    0xdd, 0x0, 0x7f, 0x31, 0x5d, 0xe0, 0xf, 0xca,
    0x30, 0x89, 0x80, 0x55, 0x78, 0xb8, 0x54, 0x3,
    0x92, 0xab, 0xac,

    /* U+00C7 "Ç" */
    0x0, 0x8e, 0xbb, 0xfa, 0xd4, 0x2, 0x6c, 0x79,
    0xa8, 0x1a, 0x40, 0x39, 0x5d, 0x75, 0x6a, 0xd7,
    0x9, 0xb, 0x0, 0xe2, 0x30, 0x54, 0x10, 0xf,
    0xe2, 0x0, 0xff, 0xe4, 0x90, 0x7, 0xf2, 0xa0,
    0x80, 0x7e, 0x90, 0xb0, 0xe, 0x23, 0x3, 0x95,
    0xd7, 0x56, 0xad, 0x70, 0x3, 0x63, 0xcd, 0x48,
    0xd2, 0x0, 0x47, 0x5c, 0xf1, 0x6a, 0x1, 0xf7,
    0x58, 0x7, 0xcb, 0xf3, 0x40, 0x10,

    /* U+00C8 "È" */
    0x0, 0x27, 0x98, 0x7, 0x92, 0xb8, 0x40, 0x3c,
    0xba, 0x20, 0x13, 0x7f, 0xfc, 0x1, 0x4d, 0x57,
    0x0, 0x48, 0xab, 0xc0, 0x1f, 0xfc, 0x1, 0x1e,
    0x0, 0xd9, 0xdd, 0xac, 0x2, 0xab, 0xbd, 0x20,
    0x13, 0xa2, 0x62, 0x0, 0xff, 0xe4, 0xa2, 0xaf,
    0x0, 0x53, 0x55, 0xc2,

    /* U+00C9 "É" */
    0x0, 0xd7, 0x40, 0x1e, 0x70, 0xa0, 0xf, 0x3d,
    0x80, 0x66, 0xff, 0xf8, 0x2, 0x9a, 0xae, 0x0,
    0x91, 0x57, 0x80, 0x3f, 0xf8, 0x2, 0x3c, 0x1,
    0xb3, 0xbb, 0x58, 0x5, 0x57, 0x7a, 0x40, 0x27,
    0x44, 0xc4, 0x1, 0xff, 0xc9, 0x45, 0x5e, 0x0,
    0xa6, 0xab, 0x84,

    /* U+00CA "Ê" */
    0x0, 0xe, 0xf3, 0x0, 0x75, 0x5f, 0xd9, 0x80,
    0x6b, 0x61, 0xd3, 0x0, 0x37, 0xff, 0xc0, 0x14,
    0xd5, 0x70, 0x4, 0x8a, 0xbc, 0x1, 0xff, 0xc0,
    0x11, 0xe0, 0xd, 0x9d, 0xda, 0xc0, 0x2a, 0xbb,
    0xd2, 0x1, 0x3a, 0x26, 0x20, 0xf, 0xfe, 0x4a,
    0x2a, 0xf0, 0x5, 0x35, 0x5c, 0x20,

    /* U+00CB "Ë" */
    0x0, 0x4a, 0x4, 0xa8, 0x4, 0x2d, 0x80, 0xd8,
    0x1, 0xf, 0xc0, 0x7c, 0x80, 0x1b, 0xff, 0xe0,
    0xa, 0x6a, 0xb8, 0x2, 0x45, 0x5e, 0x0, 0xff,
    0xe0, 0x8, 0xf0, 0x6, 0xce, 0xed, 0x60, 0x15,
    0x5d, 0xe9, 0x0, 0x9d, 0x13, 0x10, 0x7, 0xff,
    0x25, 0x15, 0x78, 0x2, 0x9a, 0xae, 0x10,

    /* U+00CC "Ì" */
    0x2e, 0x40, 0x2d, 0xa2, 0x3, 0xe2, 0x6, 0xf2,
    0x0, 0xff, 0xf0, 0x0,

    /* U+00CD "Í" */
    0x9, 0xc0, 0x54, 0xd0, 0x5d, 0x10, 0x6f, 0x20,
    0xf, 0xff, 0x8,

    /* U+00CE "Î" */
    0x0, 0x67, 0x40, 0x2, 0x53, 0x91, 0x42, 0x60,
    0x31, 0x40, 0xd, 0xe4, 0x1, 0xff, 0xf7,

    /* U+00CF "Ï" */
    0x96, 0x8, 0x66, 0x60, 0x36, 0xfd, 0x7, 0x58,
    0x37, 0x90, 0x7, 0xff, 0xb0,

    /* U+00D0 "Ð" */
    0x5, 0xff, 0xdd, 0x6a, 0x1, 0xe8, 0xba, 0x80,
    0xac, 0x0, 0xe4, 0x42, 0xb5, 0xd1, 0xd0, 0x7,
    0xf2, 0xac, 0x20, 0x1f, 0xde, 0x9, 0xd4, 0x19,
    0xfa, 0x1, 0x30, 0x1e, 0x40, 0x56, 0xf8, 0x7,
    0x88, 0x80, 0xc4, 0x40, 0x9, 0x80, 0xc0, 0x3f,
    0xbc, 0x10, 0x3, 0xf2, 0xac, 0x20, 0x12, 0x21,
    0x5a, 0xe8, 0xe8, 0x3, 0x45, 0xd4, 0x5, 0x60,
    0x0,

    /* U+00D1 "Ñ" */
    0x0, 0x16, 0xe1, 0xc3, 0x80, 0x6a, 0xa7, 0xf9,
    0x58, 0x3, 0x43, 0x9e, 0x68, 0x80, 0x1b, 0xf8,
    0x3, 0x17, 0xb0, 0x0, 0x5c, 0x3, 0xf2, 0x48,
    0x7, 0xe8, 0x18, 0x0, 0xf8, 0x99, 0xc4, 0x3,
    0xe8, 0x9, 0x0, 0xf8, 0x5d, 0xc2, 0x1, 0xf4,
    0x84, 0x0, 0x7c, 0x2e, 0xc2, 0x1, 0xf4, 0x84,
    0x0, 0x7c, 0x30, 0x80, 0x1f, 0x9c, 0x40, 0x0,

    /* U+00D2 "Ò" */
    0x0, 0xc7, 0xc8, 0x1, 0xfc, 0x75, 0x41, 0x0,
    0xfe, 0x4e, 0x10, 0xf, 0x92, 0xfb, 0xf6, 0x44,
    0x3, 0x3d, 0xbc, 0x52, 0xbf, 0x90, 0x0, 0xe1,
    0x71, 0x96, 0x30, 0x7c, 0x1, 0x21, 0x60, 0x18,
    0xa0, 0x90, 0x15, 0x4, 0x3, 0x94, 0x30, 0x0,
    0x40, 0x1e, 0x20, 0x21, 0x0, 0xff, 0x84, 0x8,
    0x3, 0xc4, 0x4, 0x8, 0x81, 0x0, 0xe5, 0xc,
    0x8, 0xb, 0x0, 0xc5, 0x24, 0x80, 0x70, 0xb8,
    0xcb, 0x18, 0x1e, 0x1, 0x3d, 0xbc, 0x52, 0xbf,
    0x90, 0x0,

    /* U+00D3 "Ó" */
    0x0, 0xf5, 0x58, 0x7, 0xf3, 0x32, 0xc0, 0x3f,
    0x9b, 0x0, 0x3f, 0x25, 0xf7, 0xec, 0x88, 0x6,
    0x7b, 0x78, 0xa5, 0x7f, 0x20, 0x1, 0xc2, 0xe3,
    0x2c, 0x60, 0xf8, 0x2, 0x42, 0xc0, 0x31, 0x41,
    0x20, 0x2a, 0x8, 0x7, 0x28, 0x60, 0x0, 0x80,
    0x3c, 0x40, 0x42, 0x1, 0xff, 0x8, 0x10, 0x7,
    0x88, 0x8, 0x11, 0x2, 0x1, 0xca, 0x18, 0x10,
    0x16, 0x1, 0x8a, 0x49, 0x0, 0xe1, 0x71, 0x96,
    0x30, 0x3c, 0x2, 0x7b, 0x78, 0xa5, 0x7f, 0x20,

    /* U+00D4 "Ô" */
    0x0, 0xec, 0xe7, 0x0, 0xfd, 0x57, 0xf6, 0x80,
    0x1f, 0x53, 0x8e, 0x20, 0x7, 0x92, 0xfb, 0xf6,
    0x44, 0x3, 0x3d, 0xbc, 0x52, 0xbf, 0x90, 0x0,
    0xe1, 0x71, 0x96, 0x30, 0x7c, 0x1, 0x21, 0x60,
    0x18, 0xa0, 0x90, 0x15, 0x4, 0x3, 0x94, 0x30,
    0x0, 0x40, 0x1e, 0x20, 0x21, 0x0, 0xff, 0x84,
    0x8, 0x3, 0xc4, 0x4, 0x8, 0x81, 0x0, 0xe5,
    0xc, 0x8, 0xb, 0x0, 0xc5, 0x24, 0x80, 0x70,
    0xb8, 0xcb, 0x18, 0x1e, 0x1, 0x3d, 0xbc, 0x52,
    0xbf, 0x90, 0x0,

    /* U+00D5 "Õ" */
    0x0, 0xd5, 0xac, 0x78, 0x1, 0xe3, 0x6c, 0xc6,
    0xc8, 0x7, 0x8f, 0x6, 0xb9, 0x40, 0x3c, 0x97,
    0xdf, 0xb2, 0x20, 0x19, 0xed, 0xe2, 0x95, 0xfc,
    0x80, 0x7, 0xb, 0x8c, 0xb1, 0x83, 0xe0, 0x9,
    0xb, 0x0, 0xc5, 0x4, 0x80, 0xa8, 0x20, 0x1c,
    0xa1, 0x80, 0x2, 0x0, 0xf1, 0x1, 0x8, 0x7,
    0xfc, 0x20, 0x40, 0x1e, 0x20, 0x20, 0x44, 0x8,
    0x7, 0x28, 0x60, 0x40, 0x58, 0x6, 0x29, 0x24,
    0x3, 0x85, 0xc6, 0x58, 0xc0, 0xf0, 0x9, 0xed,
    0xe2, 0x95, 0xfc, 0x80,

    /* U+00D6 "Ö" */
    0x0, 0xdf, 0x21, 0xf4, 0x1, 0xf3, 0x60, 0x37,
    0x80, 0x7d, 0x2a, 0x12, 0xa0, 0x1e, 0x4b, 0xef,
    0xd9, 0x10, 0xc, 0xf6, 0xf1, 0x4a, 0xfe, 0x40,
    0x3, 0x85, 0xc6, 0x58, 0xc1, 0xf0, 0x4, 0x85,
    0x80, 0x62, 0x82, 0x40, 0x54, 0x10, 0xe, 0x50,
    0xc0, 0x1, 0x0, 0x78, 0x80, 0x84, 0x3, 0xfe,
    0x10, 0x20, 0xf, 0x10, 0x10, 0x22, 0x4, 0x3,
    0x94, 0x30, 0x20, 0x2c, 0x3, 0x14, 0x92, 0x1,
    0xc2, 0xe3, 0x2c, 0x60, 0x78, 0x4, 0xf6, 0xf1,
    0x4a, 0xfe, 0x40,

    /* U+00D7 "×" */
    0x13, 0x0, 0xf2, 0x4, 0xe1, 0x80, 0x6b, 0xa0,
    0x85, 0xc3, 0x0, 0x5a, 0xe0, 0x2, 0x97, 0x12,
    0xd7, 0x8, 0x2, 0xa5, 0xb5, 0xd2, 0x0, 0xe1,
    0x1, 0x0, 0xf5, 0xae, 0x2e, 0x18, 0x5, 0x6b,
    0xa7, 0x4b, 0x86, 0x10, 0xba, 0x60, 0xa, 0x5d,
    0x9, 0xc3, 0x0, 0xd5, 0xa0,

    /* U+00D8 "Ø" */
    0x0, 0xff, 0xe1, 0xa5, 0xf7, 0xec, 0xd, 0x40,
    0x1, 0xed, 0xe2, 0x95, 0xf9, 0xa0, 0xe, 0x17,
    0x19, 0x62, 0x0, 0x1a, 0x42, 0xc0, 0x24, 0x97,
    0x34, 0x5, 0x41, 0x0, 0x15, 0x6c, 0x86, 0x0,
    0x8, 0x0, 0x3f, 0x66, 0x20, 0x42, 0x1, 0xb5,
    0x54, 0x1, 0x84, 0x8, 0x29, 0xa0, 0x0, 0x40,
    0x40, 0x88, 0x96, 0xa0, 0xa, 0x83, 0x2, 0x1,
    0xb4, 0x2, 0x27, 0x24, 0x7, 0x0, 0x63, 0xac,
    0x60, 0xf8, 0x2, 0xaf, 0x1a, 0x69, 0x5f, 0xc8,
    0x1, 0xe8, 0x77, 0xdf, 0xb2, 0x20, 0x0,

    /* U+00D9 "Ù" */
    0x0, 0xa7, 0x0, 0x3f, 0x4b, 0xc8, 0x7, 0xeb,
    0x90, 0xd, 0x3e, 0x1, 0xc9, 0xea, 0x1, 0xff,
    0xfa, 0x10, 0x10, 0xc, 0x40, 0xd8, 0xc, 0x1,
    0xb4, 0x4d, 0x11, 0x12, 0xad, 0x69, 0x0, 0xb,
    0x74, 0xa9, 0x7a, 0x60,

    /* U+00DA "Ú" */
    0x0, 0xc5, 0xc8, 0x1, 0xf7, 0xc2, 0x0, 0x7d,
    0xac, 0x1, 0xa7, 0xc0, 0x39, 0x3d, 0x40, 0x3f,
    0xff, 0x42, 0x2, 0x1, 0x88, 0x1b, 0x1, 0x80,
    0x36, 0x89, 0xa2, 0x22, 0x55, 0xad, 0x20, 0x1,
    0x6e, 0x95, 0x2f, 0x4c, 0x0,

    /* U+00DB "Û" */
    0x0, 0x93, 0xb8, 0x20, 0x1c, 0x53, 0x97, 0xa0,
    0x1c, 0x5a, 0x4b, 0x80, 0x14, 0xf8, 0x7, 0x27,
    0xa8, 0x7, 0xff, 0xe8, 0x40, 0x40, 0x31, 0x3,
    0x60, 0x30, 0x6, 0xd1, 0x34, 0x44, 0x4a, 0xb5,
    0xa4, 0x0, 0x2d, 0xd2, 0xa5, 0xe9, 0x80,

    /* U+00DC "Ü" */
    0x0, 0x3f, 0x93, 0x79, 0x80, 0x63, 0x63, 0x56,
    0x20, 0xc, 0x92, 0x27, 0x22, 0x0, 0x9f, 0x0,
    0xe4, 0xf5, 0x0, 0xff, 0xfd, 0x8, 0x8, 0x6,
    0x20, 0x6c, 0x6, 0x0, 0xda, 0x26, 0x88, 0x89,
    0x56, 0xb4, 0x80, 0x5, 0xba, 0x54, 0xbd, 0x30,
    0x0,

    /* U+00DD "Ý" */
    0x0, 0xe2, 0xe5, 0x0, 0xfd, 0xd2, 0xa0, 0x1f,
    0xb1, 0xc0, 0x3a, 0xf8, 0x40, 0x31, 0xfb, 0x85,
    0xd, 0x80, 0x6e, 0x37, 0x1, 0x95, 0x40, 0x4,
    0x17, 0x80, 0x4c, 0x94, 0x24, 0xee, 0x30, 0xd,
    0x23, 0x7c, 0x50, 0x1, 0xc5, 0x2a, 0x7c, 0x1,
    0xf3, 0xa, 0x18, 0x7, 0xff, 0xb8,

    /* U+00DE "Þ" */
    0x6f, 0x20, 0xf, 0xc2, 0x20, 0xf, 0xb3, 0xbf,
    0x5c, 0x3, 0x55, 0xd9, 0xe2, 0x40, 0x27, 0x44,
    0x51, 0xb0, 0x7, 0xca, 0x2, 0x1, 0xe2, 0x1,
    0x0, 0x8, 0xb, 0xa2, 0x80, 0x59, 0xfd, 0xb,
    0x60, 0x15, 0x66, 0xfd, 0x8, 0x4, 0xe6, 0x40,
    0x1f, 0xfc, 0x10,

    /* U+00DF "ß" */
    0x3, 0xbe, 0xe5, 0x90, 0x0, 0x70, 0x2a, 0x8f,
    0xe0, 0x7, 0xa, 0x44, 0x71, 0x18, 0x70, 0x88,
    0x27, 0x18, 0x40, 0x32, 0xb6, 0x49, 0x0, 0x62,
    0x3, 0x0, 0xf2, 0x86, 0x18, 0x7, 0x16, 0x8e,
    0x30, 0x7, 0x16, 0x3c, 0x90, 0x7, 0xa8, 0x18,
    0x0, 0x2e, 0x88, 0x90, 0x50, 0xa, 0xee, 0x7c,
    0x10,

    /* U+00E0 "à" */
    0x0, 0x4e, 0x80, 0x7d, 0x2d, 0x20, 0x1f, 0x52,
    0x28, 0x7, 0x87, 0x54, 0x3, 0x15, 0x77, 0xec,
    0x80, 0x4c, 0x57, 0x96, 0x98, 0x0, 0x48, 0x53,
    0x6e, 0x32, 0x0, 0x3e, 0x77, 0xe0, 0x38, 0x44,
    0x2b, 0x75, 0x80, 0x13, 0x3b, 0x19, 0x0, 0x61,
    0xf0, 0xa, 0xc0, 0x24, 0xa2, 0x6, 0x60, 0x5,
    0x4f, 0x9f, 0xba, 0x0, 0x0,

    /* U+00E1 "á" */
    0x0, 0xea, 0xc0, 0xf, 0x2a, 0x68, 0x7, 0x15,
    0xe8, 0x80, 0x71, 0x71, 0x80, 0x62, 0xae, 0xfd,
    0x90, 0x9, 0x8a, 0xf2, 0xd3, 0x0, 0x9, 0xa,
    0x6d, 0xc6, 0x40, 0x7, 0xce, 0xfc, 0x7, 0x8,
    0x85, 0x6e, 0xb0, 0x2, 0x67, 0x63, 0x20, 0xc,
    0x3e, 0x1, 0x58, 0x4, 0x94, 0x40, 0xcc, 0x0,
    0xa9, 0xf3, 0xf7, 0x40, 0x0,

    /* U+00E2 "â" */
    0x0, 0x93, 0xe0, 0x3, 0xd3, 0x26, 0x30, 0xd,
    0x8, 0xd7, 0xe0, 0x1a, 0x24, 0x17, 0x0, 0x22,
    0xae, 0xfd, 0x90, 0x9, 0x8a, 0xf2, 0xd3, 0x0,
    0x9, 0xa, 0x6d, 0xc6, 0x40, 0x7, 0xce, 0xfc,
    0x7, 0x8, 0x85, 0x6e, 0xb0, 0x2, 0x67, 0x63,
    0x20, 0xc, 0x3e, 0x1, 0x58, 0x4, 0x94, 0x40,
    0xcc, 0x0, 0xa9, 0xf3, 0xf7, 0x40, 0x0,

    /* U+00E3 "ã" */
    0x0, 0x37, 0xd8, 0xe9, 0x0, 0x57, 0xb9, 0xee,
    0x40, 0x16, 0x93, 0xf5, 0x0, 0x45, 0x5d, 0xfb,
    0x20, 0x13, 0x15, 0xe5, 0xa6, 0x0, 0x12, 0x14,
    0xdb, 0x8c, 0x80, 0xf, 0x9d, 0xf8, 0xe, 0x11,
    0xa, 0xdd, 0x60, 0x4, 0xce, 0xc6, 0x40, 0x18,
    0x7c, 0x2, 0xb0, 0x9, 0x28, 0x81, 0x98, 0x1,
    0x53, 0xe7, 0xee, 0x80, 0x0,

    /* U+00E4 "ä" */
    0x0, 0x57, 0x5, 0x78, 0x6, 0xc6, 0xf, 0x60,
    0xc, 0xd0, 0xb, 0x20, 0x11, 0x57, 0x7e, 0xc8,
    0x4, 0xc5, 0x79, 0x69, 0x80, 0x4, 0x85, 0x36,
    0xe3, 0x20, 0x3, 0xe7, 0x7e, 0x3, 0x84, 0x42,
    0xb7, 0x58, 0x1, 0x33, 0xb1, 0x90, 0x6, 0x1f,
    0x0, 0xac, 0x2, 0x4a, 0x20, 0x66, 0x0, 0x54,
    0xf9, 0xfb, 0xa0, 0x0,

    /* U+00E5 "å" */
    0x0, 0xab, 0xb0, 0x80, 0x33, 0x7, 0x54, 0x0,
    0x7f, 0xf0, 0x58, 0xfa, 0xac, 0x3, 0xa7, 0xb0,
    0x40, 0x22, 0xae, 0xfd, 0x90, 0x9, 0x8a, 0xf2,
    0xd3, 0x0, 0x9, 0xa, 0x6d, 0xc6, 0x40, 0x7,
    0xce, 0xfc, 0x7, 0x8, 0x85, 0x6e, 0xb0, 0x2,
    0x67, 0x63, 0x20, 0xc, 0x3e, 0x1, 0x58, 0x4,
    0x94, 0x40, 0xcc, 0x0, 0xa9, 0xf3, 0xf7, 0x40,
    0x0,

    /* U+00E6 "æ" */
    0x2, 0xae, 0xfe, 0x91, 0x3b, 0xff, 0x59, 0x0,
    0x18, 0xaf, 0x21, 0x33, 0x1, 0x56, 0xf8, 0x20,
    0x90, 0xa6, 0xdc, 0x47, 0x6a, 0x98, 0x12, 0x0,
    0x7c, 0xef, 0xc0, 0xa0, 0xc, 0x88, 0x8, 0x85,
    0x6e, 0xb0, 0x27, 0xff, 0x28, 0x83, 0x3b, 0x19,
    0x0, 0x23, 0x77, 0xbc, 0x4, 0x3, 0x50, 0x61,
    0x17, 0x81, 0x19, 0x89, 0x2d, 0x9, 0x6a, 0x6b,
    0x2e, 0x14, 0x91, 0x65, 0x8f, 0x81, 0x79, 0x66,
    0x80,

    /* U+00E7 "ç" */
    0x0, 0x15, 0x77, 0xeb, 0x81, 0xeb, 0xdd, 0xdc,
    0x10, 0x3a, 0xa8, 0xd2, 0x8, 0xc0, 0x1c, 0x21,
    0xe0, 0x1c, 0x21, 0xe0, 0x1e, 0x46, 0x0, 0xf4,
    0xe, 0xb2, 0x34, 0x81, 0xe3, 0x4d, 0xdb, 0x80,
    0x7, 0x7e, 0x92, 0xe0, 0x10, 0x81, 0x68, 0x6,
    0x9f, 0x7d, 0x0,

    /* U+00E8 "è" */
    0x0, 0x1f, 0xa8, 0x7, 0x8e, 0xac, 0x40, 0x3c,
    0xb3, 0xa0, 0x1f, 0x3e, 0x0, 0x71, 0x5f, 0xfb,
    0xc, 0x0, 0x5a, 0xf5, 0x6d, 0x86, 0x12, 0x38,
    0xa9, 0x45, 0x20, 0x8c, 0x1, 0x95, 0x4, 0x1f,
    0xff, 0x38, 0x88, 0x1b, 0x77, 0xc0, 0x88, 0x22,
    0xf0, 0x49, 0x63, 0x22, 0xc4, 0x0, 0xb5, 0xa2,
    0xec, 0x78,

    /* U+00E9 "é" */
    0x0, 0xe3, 0xf5, 0x0, 0xf7, 0x42, 0x80, 0x75,
    0x23, 0x80, 0x7a, 0xa4, 0x3, 0x8a, 0xff, 0xd8,
    0x60, 0x2, 0xd7, 0xab, 0x6c, 0x30, 0x91, 0xc5,
    0x4a, 0x29, 0x4, 0x60, 0xc, 0xa8, 0x20, 0xff,
    0xf9, 0xc4, 0x40, 0xdb, 0xbe, 0x4, 0x41, 0x17,
    0x82, 0x4b, 0x19, 0x16, 0x20, 0x5, 0xad, 0x17,
    0x63, 0xc0,

    /* U+00EA "ê" */
    0x0, 0xd9, 0xc2, 0x1, 0xce, 0xf, 0x0, 0x18,
    0xa7, 0x65, 0x10, 0x1, 0x17, 0x8, 0x6a, 0x0,
    0x45, 0x7f, 0xec, 0x30, 0x1, 0x6b, 0xd5, 0xb6,
    0x18, 0x48, 0xe2, 0xa5, 0x14, 0x82, 0x30, 0x6,
    0x54, 0x10, 0x7f, 0xfc, 0xe2, 0x20, 0x6d, 0xdf,
    0x2, 0x20, 0x8b, 0xc1, 0x25, 0x8c, 0x8b, 0x10,
    0x2, 0xd6, 0x8b, 0xb1, 0xe0,

    /* U+00EB "ë" */
    0x0, 0x1f, 0xa9, 0x7b, 0x0, 0x42, 0xcc, 0x36,
    0x50, 0x8, 0xa4, 0xc6, 0x4c, 0x2, 0x2b, 0xff,
    0x61, 0x80, 0xb, 0x5e, 0xad, 0xb0, 0xc2, 0x47,
    0x15, 0x28, 0xa4, 0x11, 0x80, 0x32, 0xa0, 0x83,
    0xff, 0xe7, 0x11, 0x3, 0x6e, 0xf8, 0x11, 0x4,
    0x5e, 0x9, 0x2c, 0x64, 0x58, 0x80, 0x16, 0xb4,
    0x5d, 0x8f, 0x0,

    /* U+00EC "ì" */
    0x1e, 0x70, 0x0, 0xec, 0x18, 0x0, 0xeb, 0x80,
    0x25, 0xd0, 0x9, 0xfc, 0x3, 0xff, 0xba,

    /* U+00ED "í" */
    0x1, 0xe7, 0xd, 0x77, 0x43, 0xc8, 0x45, 0x80,
    0x1f, 0xc0, 0x3f, 0xfa, 0xc0,

    /* U+00EE "î" */
    0x0, 0x57, 0x90, 0x1, 0x1e, 0x38, 0x1, 0x3c,
    0xee, 0x60, 0xd3, 0xb, 0x60, 0x3, 0xf8, 0x7,
    0xff, 0x98,

    /* U+00EF "ï" */
    0x1f, 0x80, 0xf8, 0x16, 0xc0, 0x6d, 0x9, 0x40,
    0x95, 0x0, 0x3f, 0x80, 0x7f, 0xf9, 0x80,

    /* U+00F0 "ð" */
    0x0, 0x17, 0x59, 0x34, 0x80, 0x4c, 0x88, 0xd3,
    0x90, 0x0, 0x94, 0x71, 0x78, 0x4, 0x2b, 0xdc,
    0x25, 0x70, 0x1, 0xe3, 0xde, 0x34, 0x10, 0x79,
    0x5a, 0x1c, 0x8d, 0x1, 0xa8, 0x6, 0x54, 0x10,
    0xf0, 0xc, 0x24, 0x21, 0xe0, 0x18, 0x4c, 0x11,
    0x80, 0x22, 0x44, 0x4, 0xe, 0x2a, 0xbc, 0x60,
    0xf, 0x2, 0xa8, 0xf8, 0x20,

    /* U+00F1 "ñ" */
    0x0, 0x67, 0x32, 0xd8, 0x1, 0x5f, 0x2a, 0xfc,
    0x0, 0xb6, 0x59, 0xc8, 0x11, 0xc7, 0x9f, 0xac,
    0x0, 0x1f, 0x8e, 0xb9, 0x40, 0x7, 0xa0, 0xb1,
    0x70, 0x0, 0xc0, 0x27, 0x60, 0x10, 0xf, 0xfe,
    0xd0,

    /* U+00F2 "ò" */
    0x0, 0x2f, 0x90, 0x7, 0x96, 0x3c, 0x3, 0xe7,
    0x74, 0x80, 0x7d, 0x52, 0x1, 0xc9, 0x9f, 0xeb,
    0x20, 0x2, 0x5b, 0xdd, 0x36, 0x8, 0x41, 0x5a,
    0x2e, 0xc, 0x1, 0xa8, 0x4, 0x28, 0x81, 0xe,
    0x0, 0xc2, 0x62, 0x1c, 0x1, 0x84, 0xc0, 0xd4,
    0x2, 0x14, 0x40, 0x41, 0x5a, 0xab, 0x6, 0x1,
    0x2d, 0xea, 0x8d, 0x82,

    /* U+00F3 "ó" */
    0x0, 0xe6, 0xf2, 0x0, 0xe2, 0x9b, 0x20, 0xe,
    0xe9, 0x40, 0xf, 0x63, 0x0, 0x72, 0x67, 0xfa,
    0xc8, 0x0, 0x96, 0xf7, 0x4d, 0x82, 0x10, 0x56,
    0x8b, 0x83, 0x0, 0x6a, 0x1, 0xa, 0x20, 0x43,
    0x80, 0x30, 0x98, 0x87, 0x0, 0x61, 0x30, 0x35,
    0x0, 0x85, 0x10, 0x10, 0x56, 0xaa, 0xc1, 0x80,
    0x4b, 0x7a, 0xa3, 0x60, 0x80,

    /* U+00F4 "ô" */
    0x0, 0x87, 0xb0, 0x3, 0xd6, 0xe0, 0xc0, 0x19,
    0x1e, 0x76, 0x4, 0x2, 0x4d, 0x1, 0xe1, 0x0,
    0x93, 0x3f, 0xd6, 0x40, 0x4, 0xb7, 0xba, 0x6c,
    0x10, 0x82, 0xb4, 0x5c, 0x18, 0x3, 0x50, 0x8,
    0x51, 0x2, 0x1c, 0x1, 0x84, 0xc4, 0x38, 0x3,
    0x9, 0x81, 0xa8, 0x4, 0x28, 0x80, 0x82, 0xb5,
    0x56, 0xc, 0x2, 0x5b, 0xd5, 0x1b, 0x4,

    /* U+00F5 "õ" */
    0x0, 0x1f, 0x69, 0xcb, 0x0, 0x55, 0x13, 0xa8,
    0xe0, 0x14, 0xb2, 0x76, 0x88, 0x4, 0x99, 0xfe,
    0xb2, 0x0, 0x25, 0xbd, 0xd3, 0x60, 0x84, 0x15,
    0xa2, 0xe0, 0xc0, 0x1a, 0x80, 0x42, 0x88, 0x10,
    0xe0, 0xc, 0x26, 0x21, 0xc0, 0x18, 0x4c, 0xd,
    0x40, 0x21, 0x44, 0x4, 0x15, 0xaa, 0xb0, 0x60,
    0x12, 0xde, 0xa8, 0xd8, 0x20,

    /* U+00F6 "ö" */
    0x0, 0x37, 0x92, 0xf9, 0x80, 0x44, 0xc6, 0xcc,
    0x10, 0x9, 0x24, 0x4e, 0x48, 0x2, 0x4c, 0xff,
    0x59, 0x0, 0x12, 0xde, 0xe9, 0xb0, 0x42, 0xa,
    0xd1, 0x70, 0x60, 0xd, 0x40, 0x21, 0x44, 0x8,
    0x70, 0x6, 0x13, 0x10, 0xe0, 0xc, 0x26, 0x6,
    0xa0, 0x10, 0xa2, 0x2, 0xa, 0xd5, 0x58, 0x30,
    0x9, 0x6f, 0x54, 0x6c, 0x10,

    /* U+00F7 "÷" */
    0x0, 0xc9, 0xf4, 0x1, 0xf9, 0xc4, 0xc0, 0x38,
    0x46, 0x2f, 0x81, 0x18, 0x13, 0xbb, 0xfa, 0xd6,
    0xef, 0xfa, 0x5, 0x13, 0xf8, 0xc0, 0x32, 0x7d,
    0x0, 0x7e, 0x71, 0x30, 0xc,

    /* U+00F8 "ø" */
    0x0, 0xfc, 0x80, 0x12, 0x67, 0xf5, 0x3c, 0x80,
    0x12, 0xde, 0xec, 0xf1, 0xc0, 0x8, 0x2b, 0x47,
    0x1, 0xb0, 0x1, 0xa8, 0x3, 0xe5, 0x10, 0x2,
    0x1c, 0x17, 0x64, 0x2, 0x1, 0x1, 0x92, 0x60,
    0x13, 0x0, 0x24, 0xac, 0x81, 0x22, 0x0, 0x1a,
    0x2e, 0x8b, 0xe3, 0x0, 0x51, 0x21, 0x74, 0xd8,
    0x20, 0x5a, 0xd7, 0xfe, 0xb2, 0x0, 0x0,

    /* U+00F9 "ù" */
    0x4, 0xf3, 0x0, 0xe4, 0x9e, 0x0, 0xf3, 0x25,
    0x0, 0x7a, 0x68, 0x2, 0xac, 0x0, 0xd9, 0x60,
    0x1f, 0xfd, 0x43, 0x10, 0xf, 0x71, 0x80, 0x42,
    0x60, 0xa3, 0x2, 0x54, 0x0, 0x2a, 0x5e, 0xfe,
    0x30,

    /* U+00FA "ú" */
    0x0, 0xcb, 0xe6, 0x1, 0x86, 0xe8, 0xc0, 0x36,
    0xca, 0x80, 0x76, 0x38, 0x5, 0x58, 0x1, 0xb2,
    0xc0, 0x3f, 0xfa, 0x86, 0x20, 0x1e, 0xe3, 0x0,
    0x84, 0xc1, 0x46, 0x4, 0xa8, 0x0, 0x54, 0xbd,
    0xfc, 0x60,

    /* U+00FB "û" */
    0x0, 0xbb, 0x40, 0x3a, 0x51, 0x9c, 0x2, 0x34,
    0xaa, 0x49, 0x0, 0xf, 0x40, 0x78, 0x82, 0xb0,
    0x3, 0x65, 0x80, 0x7f, 0xf5, 0xc, 0x40, 0x3d,
    0xc6, 0x1, 0x9, 0x82, 0x8c, 0x9, 0x50, 0x0,
    0xa9, 0x7b, 0xf8, 0xc0,

    /* U+00FC "ü" */
    0x5, 0xf3, 0x4f, 0x40, 0x3, 0x30, 0x59, 0xa0,
    0x1, 0xc9, 0x12, 0x48, 0x2b, 0x0, 0x36, 0x58,
    0x7, 0xff, 0x50, 0xc4, 0x3, 0xdc, 0x60, 0x10,
    0x98, 0x28, 0xc0, 0x95, 0x0, 0xa, 0x97, 0xbf,
    0x8c, 0x0,

    /* U+00FD "ý" */
    0x0, 0xe8, 0xd1, 0x0, 0xe4, 0x6f, 0x10, 0xc,
    0x35, 0x42, 0x0, 0xe1, 0xe4, 0x0, 0x97, 0xcc,
    0x3, 0x5e, 0x28, 0xd0, 0x4, 0x49, 0x41, 0x2c,
    0x1, 0x50, 0x30, 0x30, 0x30, 0x1, 0x98, 0x0,
    0x15, 0xa0, 0x51, 0xb0, 0xa, 0x4c, 0xd2, 0x64,
    0x1, 0x19, 0x79, 0xc8, 0x7, 0x59, 0x8a, 0x80,
    0x73, 0x83, 0x0, 0x79, 0xc2, 0x80, 0x31, 0x24,
    0x21, 0x0, 0x69, 0xb2, 0xa0, 0xc,

    /* U+00FE "þ" */
    0x8e, 0x0, 0xff, 0xe7, 0x9e, 0x7f, 0x38, 0x4,
    0x3b, 0x56, 0xf0, 0xc0, 0x15, 0xb2, 0x4a, 0xc0,
    0x4, 0xa0, 0x17, 0x89, 0x0, 0x80, 0x66, 0x1,
    0x1, 0x0, 0xcc, 0x2, 0x0, 0x50, 0xb, 0xc4,
    0x80, 0x16, 0xc9, 0x2b, 0x0, 0x1, 0xda, 0xb7,
    0x86, 0x0, 0x8f, 0x3f, 0x9c, 0x3, 0xff, 0x90,

    /* U+00FF "ÿ" */
    0x0, 0x4f, 0x84, 0x78, 0x80, 0x58, 0xc1, 0xac,
    0x20, 0x12, 0xc8, 0x2c, 0x80, 0x17, 0xcc, 0x3,
    0x5e, 0x28, 0xd0, 0x4, 0x49, 0x41, 0x2c, 0x1,
    0x50, 0x30, 0x30, 0x30, 0x1, 0x98, 0x0, 0x15,
    0xa0, 0x51, 0xb0, 0xa, 0x4c, 0xd2, 0x64, 0x1,
    0x19, 0x79, 0xc8, 0x7, 0x59, 0x8a, 0x80, 0x73,
    0x83, 0x0, 0x79, 0xc2, 0x80, 0x31, 0x24, 0x21,
    0x0, 0x69, 0xb2, 0xa0, 0xc,

    /* U+0100 "Ā" */
    0x0, 0xb7, 0xfe, 0xc0, 0xf, 0x7e, 0xed, 0xc0,
    0x1e, 0x2b, 0xda, 0x20, 0xf, 0x98, 0x18, 0x3,
    0xe5, 0x4, 0x14, 0x0, 0xf7, 0xd, 0x7, 0x0,
    0x70, 0xa3, 0x8a, 0xa8, 0x40, 0x33, 0x5, 0x7,
    0x3, 0x80, 0x6a, 0x23, 0x4, 0x1a, 0x0, 0x8c,
    0x94, 0x46, 0x73, 0x20, 0x5, 0x3, 0xf7, 0x4c,
    0x14, 0x0, 0x73, 0xbb, 0xe3, 0x60, 0x51, 0x94,
    0x4e, 0xa1, 0x4e, 0x5, 0x0, 0xe6, 0xe,

    /* U+0101 "ā" */
    0x0, 0x67, 0xfd, 0xc0, 0x1b, 0xb7, 0x6c, 0x0,
    0xc4, 0x5c, 0x1, 0x15, 0x77, 0xec, 0x80, 0x4c,
    0x57, 0x96, 0x98, 0x0, 0x48, 0x53, 0x6e, 0x32,
    0x0, 0x3e, 0x77, 0xe0, 0x38, 0x44, 0x2b, 0x75,
    0x80, 0x13, 0x3b, 0x19, 0x0, 0x61, 0xf0, 0xa,
    0xc0, 0x24, 0xa2, 0x6, 0x60, 0x5, 0x4f, 0x9f,
    0xba, 0x0, 0x0,

    /* U+0102 "Ă" */
    0x0, 0xad, 0x40, 0xb8, 0x3, 0xd1, 0x7f, 0xb0,
    0x1, 0xe3, 0xee, 0x7b, 0x0, 0x7d, 0x3d, 0x0,
    0x1f, 0x98, 0x18, 0x3, 0xe5, 0x4, 0x14, 0x0,
    0xf7, 0xd, 0x7, 0x0, 0x70, 0xa3, 0x8a, 0xa8,
    0x40, 0x33, 0x5, 0x7, 0x3, 0x80, 0x6a, 0x23,
    0x4, 0x1a, 0x0, 0x8c, 0x94, 0x46, 0x73, 0x20,
    0x5, 0x3, 0xf7, 0x4c, 0x14, 0x0, 0x73, 0xbb,
    0xe3, 0x60, 0x51, 0x94, 0x4e, 0xa1, 0x4e, 0x5,
    0x0, 0xe6, 0xe,

    /* U+0103 "ă" */
    0x0, 0x5b, 0x1, 0x70, 0x6, 0x88, 0x7e, 0xc0,
    0x6, 0x3e, 0xe7, 0xb0, 0x4, 0x55, 0xdc, 0xd9,
    0x0, 0x98, 0xaf, 0x2d, 0x30, 0x0, 0x90, 0xa6,
    0xdc, 0x64, 0x0, 0x7c, 0xef, 0xc0, 0x70, 0x88,
    0x56, 0xeb, 0x0, 0x26, 0x76, 0x32, 0x0, 0xc3,
    0xe0, 0x15, 0x80, 0x49, 0x44, 0xc, 0xc0, 0xa,
    0x9f, 0x3f, 0x74, 0x0,

    /* U+0104 "Ą" */
    0x0, 0xd3, 0xf0, 0x1, 0xfc, 0xc0, 0xc0, 0x1f,
    0x94, 0x10, 0x50, 0x3, 0xee, 0x1a, 0xe, 0x0,
    0xf0, 0xa3, 0x8a, 0xa8, 0x40, 0x39, 0x82, 0x83,
    0x81, 0xc0, 0x3a, 0x88, 0xc1, 0x6, 0x80, 0x31,
    0x92, 0x88, 0xce, 0x64, 0x1, 0x50, 0x3f, 0x74,
    0xc1, 0x40, 0x13, 0x9d, 0xdf, 0x1b, 0x0, 0x14,
    0x65, 0x13, 0xa8, 0x50, 0x38, 0x14, 0x3, 0x98,
    0x38, 0x2f, 0xc0, 0x3c, 0x47, 0x40, 0x1f, 0xd4,
    0xa0, 0x1f, 0xec, 0x7f, 0x40,

    /* U+0105 "ą" */
    0x2, 0xae, 0xfd, 0x90, 0x9, 0x8a, 0xf2, 0xd3,
    0x0, 0x9, 0xa, 0x6d, 0xc6, 0x40, 0x7, 0xce,
    0xfc, 0x7, 0x8, 0x85, 0x6e, 0xb0, 0x2, 0x67,
    0x63, 0x20, 0xc, 0x3e, 0x1, 0x58, 0x4, 0x94,
    0x40, 0xcc, 0x0, 0xa9, 0xf3, 0xf7, 0x40, 0x10,
    0xd7, 0x7d, 0xab, 0xa8, 0x7, 0xaf, 0x40, 0x3e,
    0x5a, 0xe0,

    /* U+0106 "Ć" */
    0x0, 0xf4, 0xe0, 0x7, 0xe5, 0x4d, 0x0, 0xfc,
    0xba, 0x20, 0x1e, 0x3a, 0xef, 0xeb, 0x50, 0x9,
    0xb1, 0xe6, 0xa0, 0x69, 0x0, 0xe5, 0x75, 0xd5,
    0xab, 0x5c, 0x24, 0x2c, 0x3, 0x88, 0xc1, 0x50,
    0x40, 0x3f, 0x88, 0x3, 0xff, 0x92, 0x40, 0x1f,
    0xca, 0x82, 0x1, 0xfa, 0x42, 0xc0, 0x38, 0x8c,
    0xe, 0x57, 0x5d, 0x5a, 0xb5, 0xc0, 0xd, 0x8f,
    0x35, 0x3, 0x48,

    /* U+0107 "ć" */
    0x0, 0xe3, 0xf4, 0x0, 0xc3, 0xb0, 0x80, 0x1a,
    0xdd, 0xc0, 0x1d, 0x52, 0x1, 0x8a, 0xbb, 0xf5,
    0xc0, 0xf5, 0xee, 0xee, 0x8, 0x1d, 0x54, 0x69,
    0x4, 0x60, 0xe, 0x10, 0xf0, 0xe, 0x10, 0xf0,
    0xf, 0x23, 0x0, 0x7a, 0x7, 0x59, 0x1a, 0x40,
    0xf1, 0xa6, 0xed, 0xc0,

    /* U+0108 "Ĉ" */
    0x0, 0xe8, 0xeb, 0x0, 0xf9, 0x4f, 0x8a, 0x40,
    0x3c, 0xb6, 0x13, 0x20, 0xe, 0x3a, 0xef, 0xeb,
    0x50, 0x9, 0xb1, 0xe6, 0xa0, 0x69, 0x0, 0xe5,
    0x75, 0xd5, 0xab, 0x5c, 0x24, 0x2c, 0x3, 0x88,
    0xc1, 0x50, 0x40, 0x3f, 0x88, 0x3, 0xff, 0x92,
    0x40, 0x1f, 0xca, 0x82, 0x1, 0xfa, 0x42, 0xc0,
    0x38, 0x8c, 0xe, 0x57, 0x5d, 0x5a, 0xb5, 0xc0,
    0xd, 0x8f, 0x35, 0x3, 0x48,

    /* U+0109 "ĉ" */
    0x0, 0xd3, 0xe6, 0x1, 0x91, 0xe3, 0xc0, 0x34,
    0xeb, 0xb3, 0x80, 0x5a, 0x61, 0x4e, 0x0, 0x2a,
    0xef, 0xd7, 0x3, 0xd7, 0xbb, 0xb8, 0x20, 0x75,
    0x51, 0xa4, 0x11, 0x80, 0x38, 0x43, 0xc0, 0x38,
    0x43, 0xc0, 0x3c, 0x8c, 0x1, 0xe8, 0x1d, 0x64,
    0x69, 0x3, 0xc6, 0x9b, 0xb7, 0x0,

    /* U+010A "Ċ" */
    0x0, 0xe3, 0xf6, 0x0, 0xfc, 0x4c, 0xa0, 0x1f,
    0x86, 0x4c, 0x3, 0xc7, 0x5d, 0xfd, 0x6a, 0x1,
    0x36, 0x3c, 0xd4, 0xd, 0x20, 0x1c, 0xae, 0xba,
    0xb5, 0x6b, 0x84, 0x85, 0x80, 0x71, 0x18, 0x2a,
    0x8, 0x7, 0xf1, 0x0, 0x7f, 0xf2, 0x48, 0x3,
    0xf9, 0x50, 0x40, 0x3f, 0x48, 0x58, 0x7, 0x11,
    0x81, 0xca, 0xeb, 0xab, 0x56, 0xb8, 0x1, 0xb1,
    0xe6, 0xa0, 0x69, 0x0,

    /* U+010B "ċ" */
    0x0, 0xcf, 0xe0, 0x1e, 0x12, 0x0, 0xf3, 0x68,
    0x6, 0x2a, 0xef, 0xd7, 0x3, 0xd7, 0xbb, 0xb8,
    0x20, 0x75, 0x51, 0xa4, 0x11, 0x80, 0x38, 0x43,
    0xc0, 0x38, 0x43, 0xc0, 0x3c, 0x8c, 0x1, 0xe8,
    0x1d, 0x64, 0x69, 0x3, 0xc6, 0x9b, 0xb7, 0x0,

    /* U+010C "Č" */
    0x0, 0xd3, 0x1, 0x8a, 0x1, 0xe9, 0x4e, 0x45,
    0x0, 0xfb, 0x3a, 0x0, 0x3c, 0x75, 0xdf, 0xd6,
    0xa0, 0x13, 0x63, 0xcd, 0x40, 0xd2, 0x1, 0xca,
    0xeb, 0xab, 0x56, 0xb8, 0x48, 0x58, 0x7, 0x11,
    0x82, 0xa0, 0x80, 0x7f, 0x10, 0x7, 0xff, 0x24,
    0x80, 0x3f, 0x95, 0x4, 0x3, 0xf4, 0x85, 0x80,
    0x71, 0x18, 0x1c, 0xae, 0xba, 0xb5, 0x6b, 0x80,
    0x1b, 0x1e, 0x6a, 0x6, 0x90,

    /* U+010D "č" */
    0x0, 0x17, 0x8, 0x69, 0x80, 0xa, 0x6a, 0x50,
    0xc0, 0x27, 0x7a, 0x0, 0x3b, 0x38, 0x40, 0x22,
    0xae, 0xfd, 0x70, 0x3d, 0x7b, 0xbb, 0x82, 0x7,
    0x55, 0x1a, 0x41, 0x18, 0x3, 0x84, 0x3c, 0x3,
    0x84, 0x3c, 0x3, 0xc8, 0xc0, 0x1e, 0x81, 0xd6,
    0x46, 0x90, 0x3c, 0x69, 0xbb, 0x70,

    /* U+010E "Ď" */
    0x0, 0x16, 0x92, 0xe0, 0x7, 0x8a, 0x72, 0xf4,
    0x3, 0xe4, 0xee, 0x8, 0x6, 0x6f, 0xfd, 0xb4,
    0xa0, 0x1d, 0x37, 0x54, 0x1a, 0xb0, 0xc, 0x88,
    0x57, 0xb9, 0x49, 0x0, 0xfc, 0xc8, 0xc0, 0x1f,
    0xda, 0x6, 0x1, 0xf8, 0x81, 0x80, 0x3f, 0x8,
    0x7, 0xf8, 0xc1, 0x80, 0x3f, 0x68, 0x18, 0x7,
    0xcc, 0x8e, 0x1, 0x22, 0x15, 0xee, 0x52, 0x0,
    0x29, 0xba, 0x91, 0xab, 0x0, 0x0,

    /* U+010F "ď" */
    0x0, 0xfa, 0xec, 0x1d, 0x0, 0x1f, 0xc2, 0x2c,
    0x0, 0xfe, 0x51, 0x40, 0x2, 0xef, 0xea, 0x80,
    0x13, 0x80, 0x9, 0x4d, 0x71, 0x6a, 0x1, 0xd0,
    0x56, 0x8b, 0xa2, 0x1, 0xc6, 0xa0, 0x11, 0x90,
    0x6, 0x10, 0xe0, 0xc, 0x20, 0x18, 0x40, 0x40,
    0x30, 0x80, 0x71, 0xe0, 0x4, 0x44, 0x0, 0xe8,
    0x47, 0x2, 0xe0, 0xf, 0x25, 0x53, 0xfd, 0x48,
    0x1, 0x80,

    /* U+0110 "Đ" */
    0x5, 0xff, 0xdd, 0x6a, 0x1, 0xe8, 0xba, 0x80,
    0xac, 0x0, 0xe4, 0x42, 0xb5, 0xd1, 0xd0, 0x7,
    0xf2, 0xac, 0x20, 0x1f, 0xde, 0x9, 0xd4, 0x19,
    0xfa, 0x1, 0x30, 0x1e, 0x40, 0x56, 0xf8, 0x7,
    0x88, 0x80, 0xc4, 0x40, 0x9, 0x80, 0xc0, 0x3f,
    0xbc, 0x10, 0x3, 0xf2, 0xac, 0x20, 0x12, 0x21,
    0x5a, 0xe8, 0xe8, 0x3, 0x45, 0xd4, 0x5, 0x60,
    0x0,

    /* U+0111 "đ" */
    0x0, 0xfa, 0xec, 0x1, 0xc9, 0xfe, 0x44, 0x70,
    0x6, 0x4f, 0xf2, 0x23, 0x80, 0xb, 0xbf, 0xaa,
    0x1, 0x92, 0x9a, 0xe2, 0xd4, 0x2, 0x82, 0xb4,
    0x5d, 0x10, 0x8, 0xd4, 0x2, 0x32, 0x0, 0x8,
    0x70, 0x6, 0x10, 0x0, 0x80, 0x80, 0x61, 0x0,
    0x8f, 0x0, 0x22, 0x20, 0x5, 0x8, 0xe0, 0x5c,
    0x1, 0x92, 0xa9, 0xfe, 0xa4, 0x0, 0x0,

    /* U+0112 "Ē" */
    0x1, 0xff, 0xd2, 0x1, 0xe, 0xee, 0x80, 0x3,
    0x7e, 0xee, 0xef, 0x0, 0xa6, 0xab, 0x80, 0x24,
    0x55, 0xe0, 0xf, 0xfe, 0x0, 0x8f, 0x0, 0x6c,
    0xee, 0xd6, 0x1, 0x55, 0xde, 0x90, 0x9, 0xd1,
    0x31, 0x0, 0x7f, 0xf2, 0x51, 0x57, 0x80, 0x29,
    0xaa, 0xe1,

    /* U+0113 "ē" */
    0x0, 0x17, 0xfe, 0x80, 0x8, 0xb7, 0x74, 0x80,
    0x62, 0x2c, 0x20, 0x11, 0x5f, 0xfb, 0xc, 0x0,
    0x5a, 0xf5, 0x6d, 0x86, 0x12, 0x38, 0xa9, 0x45,
    0x20, 0x8c, 0x1, 0x95, 0x4, 0x1f, 0xff, 0x38,
    0x88, 0x1b, 0x77, 0xc0, 0x88, 0x22, 0xf0, 0x49,
    0x63, 0x22, 0xc4, 0x0, 0xb5, 0xa2, 0xec, 0x78,

    /* U+0114 "Ĕ" */
    0x1, 0xe1, 0x8, 0x90, 0x8, 0x67, 0xbd, 0x60,
    0x3, 0x3f, 0xf6, 0x88, 0x1, 0xbf, 0xee, 0xff,
    0x80, 0x29, 0xaa, 0xe0, 0x9, 0x15, 0x78, 0x3,
    0xff, 0x80, 0x23, 0xc0, 0x1b, 0x3b, 0xb5, 0x80,
    0x55, 0x77, 0xa4, 0x2, 0x74, 0x4c, 0x40, 0x1f,
    0xfc, 0x94, 0x55, 0xe0, 0xa, 0x6a, 0xb8, 0x40,

    /* U+0115 "ĕ" */
    0x0, 0x16, 0x88, 0x4c, 0x0, 0x44, 0xbd, 0xeb,
    0x20, 0x1a, 0x3f, 0xd8, 0x20, 0x1f, 0xfc, 0x2,
    0xbf, 0xf6, 0x18, 0x0, 0xb5, 0xea, 0xdb, 0xc,
    0x24, 0x71, 0x52, 0x8a, 0x41, 0x18, 0x3, 0x2a,
    0x8, 0x3f, 0xfe, 0x71, 0x10, 0x36, 0xef, 0x81,
    0x10, 0x45, 0xe0, 0x92, 0xc6, 0x45, 0x88, 0x1,
    0x6b, 0x45, 0xd8, 0xf0,

    /* U+0116 "Ė" */
    0x0, 0x96, 0x40, 0x3e, 0xc6, 0x0, 0xfa, 0x7c,
    0x3, 0x37, 0xff, 0xc0, 0x14, 0xd5, 0x70, 0x4,
    0x8a, 0xbc, 0x1, 0xff, 0xc0, 0x11, 0xe0, 0xd,
    0x9d, 0xda, 0xc0, 0x2a, 0xbb, 0xd2, 0x1, 0x3a,
    0x26, 0x20, 0xf, 0xfe, 0x4a, 0x2a, 0xf0, 0x5,
    0x35, 0x5c, 0x20,

    /* U+0117 "ė" */
    0x0, 0xd3, 0xc0, 0x1f, 0x72, 0x80, 0x7c, 0xf6,
    0x1, 0xc5, 0x7f, 0xec, 0x30, 0x1, 0x6b, 0xd5,
    0xb6, 0x18, 0x48, 0xe2, 0xa5, 0x14, 0x82, 0x30,
    0x6, 0x54, 0x10, 0x7f, 0xfc, 0xe2, 0x20, 0x6d,
    0xdf, 0x2, 0x20, 0x8b, 0xc1, 0x25, 0x8c, 0x8b,
    0x10, 0x2, 0xd6, 0x8b, 0xb1, 0xe0,

    /* U+0118 "Ę" */
    0x6f, 0xff, 0x80, 0x29, 0xaa, 0xe0, 0x9, 0x15,
    0x78, 0x3, 0xff, 0x80, 0x23, 0xc0, 0x1b, 0x3b,
    0xb5, 0x80, 0x55, 0x77, 0xa4, 0x2, 0x74, 0x4c,
    0x40, 0x1f, 0xfc, 0x94, 0x55, 0xe0, 0xa, 0x6a,
    0xb8, 0x5b, 0xff, 0x52, 0xf8, 0x80, 0x77, 0x60,
    0x7, 0xdb, 0x3e, 0x20,

    /* U+0119 "ę" */
    0x0, 0x15, 0xff, 0xb0, 0xc0, 0x5, 0xaf, 0x56,
    0xd8, 0x61, 0x23, 0x8a, 0x94, 0x52, 0x8, 0xc0,
    0x19, 0x50, 0x41, 0xff, 0xf3, 0x88, 0x81, 0xb7,
    0x7c, 0x8, 0x82, 0x2f, 0x4, 0x96, 0x32, 0x2c,
    0x40, 0xb, 0x5a, 0x2e, 0x8f, 0x0, 0x5, 0x5d,
    0xa5, 0x68, 0x1, 0xc8, 0xc0, 0x1f, 0x23, 0x7b,
    0x0,

    /* U+011A "Ě" */
    0x0, 0x53, 0x8e, 0x20, 0x6, 0xab, 0xfb, 0x40,
    0xe, 0xce, 0x70, 0x9, 0xbf, 0xfe, 0x0, 0xa6,
    0xab, 0x80, 0x24, 0x55, 0xe0, 0xf, 0xfe, 0x0,
    0x8f, 0x0, 0x6c, 0xee, 0xd6, 0x1, 0x55, 0xde,
    0x90, 0x9, 0xd1, 0x31, 0x0, 0x7f, 0xf2, 0x51,
    0x57, 0x80, 0x29, 0xaa, 0xe1,

    /* U+011B "ě" */
    0x0, 0xf, 0x10, 0x62, 0x80, 0x43, 0x1d, 0xe,
    0xa0, 0x19, 0x9d, 0xd4, 0x1, 0xeb, 0xf1, 0x0,
    0xc5, 0x7f, 0xec, 0x30, 0x1, 0x6b, 0xd5, 0xb6,
    0x18, 0x48, 0xe2, 0xa5, 0x14, 0x82, 0x30, 0x6,
    0x54, 0x10, 0x7f, 0xfc, 0xe2, 0x20, 0x6d, 0xdf,
    0x2, 0x20, 0x8b, 0xc1, 0x25, 0x8c, 0x8b, 0x10,
    0x2, 0xd6, 0x8b, 0xb1, 0xe0,

    /* U+011C "Ĝ" */
    0x0, 0xe6, 0xed, 0x0, 0xfc, 0x95, 0xf5, 0x40,
    0xf, 0x93, 0x5, 0xe8, 0x3, 0xc7, 0x5d, 0xfe,
    0xc8, 0x10, 0x9, 0xb1, 0xe6, 0xa8, 0xad, 0xa0,
    0x3, 0x95, 0xd7, 0x55, 0x4f, 0xd8, 0x2, 0x2,
    0xc0, 0x38, 0x5c, 0x0, 0x88, 0x10, 0xf, 0xf1,
    0x0, 0x7f, 0x8, 0x7, 0xbf, 0xf0, 0x88, 0x8,
    0x3, 0x66, 0x18, 0x2, 0x44, 0x8, 0x4, 0x66,
    0xe0, 0xa, 0x2, 0xc0, 0x3f, 0x8e, 0x57, 0x5d,
    0x55, 0x14, 0x1, 0x9b, 0x1e, 0x6a, 0x89, 0x5c,
    0x20,

    /* U+011D "ĝ" */
    0x0, 0x8b, 0xec, 0x3, 0xd2, 0xec, 0xa0, 0x19,
    0x5e, 0x3e, 0xc4, 0x2, 0x5c, 0x2, 0xe1, 0x0,
    0x97, 0x7f, 0x56, 0xec, 0x9, 0x4f, 0x71, 0x5,
    0x0, 0x41, 0xd2, 0x2f, 0x88, 0x0, 0xec, 0x2,
    0x22, 0x0, 0x80, 0x80, 0x61, 0x1, 0x1, 0x0,
    0xc2, 0x0, 0x3b, 0x0, 0x88, 0x80, 0x8, 0x3a,
    0x45, 0xf1, 0x0, 0x25, 0x3d, 0xc4, 0x8, 0x40,
    0xb, 0xbf, 0xa8, 0x7a, 0x0, 0x94, 0x35, 0xc1,
    0x60, 0x1, 0x56, 0x5b, 0xe0, 0x80,

    /* U+011E "Ğ" */
    0x0, 0x87, 0x84, 0x26, 0x0, 0x3c, 0x2d, 0xde,
    0xb2, 0x1, 0xf4, 0x7f, 0x60, 0x80, 0x78, 0xeb,
    0xb9, 0xf9, 0x2, 0x1, 0x36, 0x3c, 0xd5, 0x15,
    0xb4, 0x0, 0x72, 0xba, 0xea, 0xa9, 0xfb, 0x0,
    0x40, 0x58, 0x7, 0xb, 0x80, 0x11, 0x2, 0x1,
    0xfe, 0x20, 0xf, 0xe1, 0x0, 0xf7, 0xfe, 0x11,
    0x1, 0x0, 0x6c, 0xc3, 0x0, 0x48, 0x81, 0x0,
    0x8c, 0xdc, 0x1, 0x40, 0x58, 0x7, 0xf1, 0xca,
    0xeb, 0xaa, 0xa2, 0x80, 0x33, 0x63, 0xcd, 0x51,
    0x2b, 0x84,

    /* U+011F "ğ" */
    0x0, 0x1e, 0x8, 0x53, 0x0, 0x46, 0xbd, 0xe2,
    0xc0, 0x1a, 0x7f, 0xd6, 0x1, 0xff, 0xc1, 0x5d,
    0xfd, 0x5b, 0xb0, 0x25, 0x3d, 0xc4, 0x14, 0x1,
    0x7, 0x48, 0xbe, 0x20, 0x3, 0xb0, 0x8, 0x88,
    0x2, 0x2, 0x1, 0x84, 0x4, 0x4, 0x3, 0x8,
    0x0, 0xec, 0x2, 0x22, 0x0, 0x20, 0xe9, 0x17,
    0xc4, 0x0, 0x94, 0xf7, 0x10, 0x21, 0x0, 0x2e,
    0xfe, 0xa1, 0xe8, 0x2, 0x50, 0xd7, 0x5, 0x80,
    0x5, 0x59, 0x6f, 0x82,

    /* U+0120 "Ġ" */
    0x0, 0xe1, 0xf8, 0x0, 0xfe, 0x16, 0xd0, 0xf,
    0xf4, 0xa8, 0x7, 0xc7, 0x5d, 0xfe, 0xc8, 0x10,
    0x9, 0xb1, 0xe6, 0xa8, 0xad, 0xa0, 0x3, 0x95,
    0xd7, 0x55, 0x4f, 0xd8, 0x2, 0x2, 0xc0, 0x38,
    0x5c, 0x0, 0x88, 0x10, 0xf, 0xf1, 0x0, 0x7f,
    0x8, 0x7, 0xbf, 0xf0, 0x88, 0x8, 0x3, 0x66,
    0x18, 0x2, 0x44, 0x8, 0x4, 0x66, 0xe0, 0xa,
    0x2, 0xc0, 0x3f, 0x8e, 0x57, 0x5d, 0x55, 0x14,
    0x1, 0x9b, 0x1e, 0x6a, 0x89, 0x5c, 0x20,

    /* U+0121 "ġ" */
    0x0, 0xdd, 0x0, 0x1f, 0x17, 0x80, 0x7d, 0x8e,
    0x1, 0xcb, 0xbf, 0xab, 0x76, 0x4, 0xa7, 0xb8,
    0x82, 0x80, 0x20, 0xe9, 0x17, 0xc4, 0x0, 0x76,
    0x1, 0x11, 0x0, 0x40, 0x40, 0x30, 0x80, 0x80,
    0x80, 0x61, 0x0, 0x1d, 0x80, 0x44, 0x40, 0x4,
    0x1d, 0x22, 0xf8, 0x80, 0x12, 0x9e, 0xe2, 0x4,
    0x20, 0x5, 0xdf, 0xd4, 0x3d, 0x0, 0x4a, 0x1a,
    0xe0, 0xb0, 0x0, 0xab, 0x2d, 0xf0, 0x40,

    /* U+0122 "Ģ" */
    0x0, 0x8e, 0xbb, 0xfd, 0x90, 0x20, 0x13, 0x63,
    0xcd, 0x51, 0x5b, 0x40, 0x7, 0x2b, 0xae, 0xaa,
    0x9f, 0xb0, 0x4, 0x5, 0x80, 0x70, 0xb8, 0x1,
    0x10, 0x20, 0x1f, 0xe2, 0x0, 0xfe, 0x10, 0xf,
    0x7f, 0xe1, 0x10, 0x10, 0x6, 0xcc, 0x30, 0x4,
    0x88, 0x10, 0x8, 0xcd, 0xc0, 0x14, 0x5, 0x80,
    0x7f, 0x1c, 0xae, 0xba, 0xaa, 0x28, 0x3, 0x36,
    0x3c, 0xd5, 0x12, 0xb8, 0x40, 0x23, 0xae, 0xff,
    0x63, 0x88, 0x7, 0xcc, 0xa0, 0x1f, 0xc3, 0x20,
    0x1f, 0xe5, 0x25, 0x0, 0xc0,

    /* U+0123 "ģ" */
    0x0, 0xee, 0x20, 0xf, 0x38, 0x10, 0x7, 0x86,
    0xc0, 0x39, 0x76, 0x61, 0x6e, 0xc0, 0x94, 0xf7,
    0x10, 0x50, 0x4, 0x1d, 0x22, 0xf8, 0x80, 0xe,
    0xc0, 0x22, 0x20, 0x8, 0x8, 0x6, 0x10, 0x10,
    0x10, 0xc, 0x20, 0x3, 0xb0, 0x8, 0x88, 0x0,
    0x83, 0xa4, 0x5f, 0x10, 0x2, 0x53, 0xdc, 0x40,
    0x84, 0x0, 0xbb, 0xfa, 0x87, 0xa0, 0x9, 0x43,
    0x5c, 0x16, 0x0, 0x15, 0x65, 0xbe, 0x8,

    /* U+0124 "Ĥ" */
    0x0, 0x8b, 0xb8, 0x60, 0x1c, 0x3f, 0xba, 0xe1,
    0x0, 0xc3, 0xa6, 0x6d, 0x10, 0x3, 0x79, 0x0,
    0x61, 0xf7, 0x0, 0xff, 0xea, 0x8, 0xf1, 0x80,
    0x6c, 0xee, 0xda, 0x1, 0xaa, 0xef, 0x50, 0x6,
    0x74, 0x4e, 0x0, 0xff, 0xef, 0x0,

    /* U+0125 "ĥ" */
    0x1, 0xde, 0x50, 0xf, 0x6c, 0x64, 0x18, 0x7,
    0x62, 0x96, 0x98, 0x7, 0xa3, 0x80, 0x3f, 0xfa,
    0x45, 0x7f, 0xac, 0x1, 0x87, 0xf2, 0xd2, 0x50,
    0x3, 0x4b, 0xa4, 0x97, 0x0, 0x64, 0x0, 0x9d,
    0x80, 0x21, 0x0, 0xff, 0xf1, 0x0,

    /* U+0126 "Ħ" */
    0x1, 0xf7, 0x0, 0xec, 0xc0, 0x4, 0x60, 0x1f,
    0xf3, 0x68, 0x47, 0xff, 0x19, 0xbc, 0x5e, 0x81,
    0xb3, 0x38, 0x89, 0x82, 0x24, 0x1, 0x22, 0xe1,
    0x11, 0x80, 0x67, 0xee, 0xe3, 0x0, 0xf3, 0x5d,
    0xf1, 0x0, 0x7b, 0x91, 0x38, 0x40, 0x3f, 0xfd,
    0x60,

    /* U+0127 "ħ" */
    0x1, 0xf6, 0x0, 0xf0, 0xf0, 0x4f, 0xf8, 0x40,
    0x21, 0xb0, 0x7c, 0xc0, 0x80, 0x65, 0xd, 0xbd,
    0xfb, 0x10, 0xd, 0x5, 0x72, 0xba, 0x1, 0x9a,
    0x95, 0xa0, 0xc4, 0x2, 0xd0, 0x9, 0x40, 0x80,
    0x23, 0x0, 0xe7, 0x0, 0xff, 0xee, 0x0,

    /* U+0128 "Ĩ" */
    0xa, 0xe7, 0x2d, 0x27, 0xfe, 0xcb, 0x2d, 0x19,
    0xe6, 0x0, 0x37, 0x90, 0x7, 0xff, 0xdc,

    /* U+0129 "ĩ" */
    0xc, 0xe6, 0x4b, 0x47, 0xcd, 0xaf, 0x4b, 0x2b,
    0xe4, 0x0, 0x3f, 0x80, 0x7f, 0xf9, 0x80,

    /* U+012A "Ī" */
    0xff, 0xd7, 0xbb, 0xa8, 0x93, 0x40, 0x40, 0x3f,
    0xfd, 0x60,

    /* U+012B "ī" */
    0x1f, 0xfd, 0x23, 0xbb, 0xa0, 0x8, 0xb0, 0x80,
    0x1f, 0xc0, 0x3f, 0xfc, 0xc0,

    /* U+012C "Ĭ" */
    0xe, 0x20, 0x6b, 0x8, 0xdf, 0xb8, 0x6, 0xfe,
    0xd3, 0x0, 0x37, 0x10, 0x7, 0xff, 0xdc,

    /* U+012D "ĭ" */
    0x17, 0x10, 0x44, 0xe, 0xf7, 0xcb, 0x85, 0x7f,
    0xb4, 0xc0, 0x3f, 0x3f, 0x80, 0x7f, 0xf9, 0x80,

    /* U+012E "Į" */
    0x6f, 0x20, 0xf, 0xff, 0xa, 0x19, 0x5, 0x28,
    0x3, 0x1f, 0xd0,

    /* U+012F "į" */
    0x7f, 0x0, 0x9, 0x80, 0x1b, 0x0, 0xf, 0xe0,
    0x1f, 0xfd, 0x62, 0x50, 0x4, 0xe0, 0x2, 0xe7,
    0xc4,

    /* U+0130 "İ" */
    0x49, 0x12, 0x63, 0x6f, 0x26, 0xf2, 0x0, 0xff,
    0xea, 0x80,

    /* U+0131 "ı" */
    0x7f, 0x0, 0xff, 0xe2, 0x0,

    /* U+0132 "Ĳ" */
    0x6f, 0x20, 0x5, 0xf0, 0x7, 0xff, 0xe4, 0xc0,
    0x39, 0xc1, 0xbc, 0x80, 0x4, 0xc0, 0x12, 0xd0,
    0xf0, 0x0, 0x69, 0xe5, 0x40,

    /* U+0133 "ĳ" */
    0x7f, 0x0, 0xbd, 0x84, 0xc0, 0x22, 0x36, 0xc0,
    0xb, 0x55, 0xfc, 0x2, 0xf6, 0x0, 0xff, 0xf6,
    0x3f, 0x80, 0x4, 0xc, 0x2, 0x38, 0x4, 0x0,
    0xb9, 0xe4, 0x40,

    /* U+0134 "Ĵ" */
    0x0, 0x67, 0x40, 0x2, 0x53, 0x91, 0x42, 0x60,
    0x31, 0x40, 0xd, 0xe4, 0x1, 0xff, 0xf3, 0x10,
    0xe, 0xd0, 0x20, 0x48, 0x55, 0x0, 0x25, 0x99,
    0x40, 0x0,

    /* U+0135 "ĵ" */
    0x0, 0x57, 0x90, 0x1, 0x1e, 0x38, 0x1, 0x3c,
    0xee, 0x60, 0xd3, 0xb, 0x60, 0x3, 0xf8, 0x7,
    0xff, 0xa3, 0xc4, 0x0, 0x28, 0xa8, 0x0, 0x5b,
    0x68, 0x0, 0x0,

    /* U+0136 "Ķ" */
    0x6f, 0x20, 0x8, 0xfb, 0x44, 0x3, 0x8f, 0x4b,
    0x4, 0x3, 0x1e, 0x16, 0x8, 0x6, 0x4c, 0x4c,
    0x0, 0xe5, 0xb4, 0xb0, 0xf, 0x41, 0x58, 0x7,
    0xc8, 0x50, 0x1, 0xf4, 0xb3, 0xb8, 0x3, 0xe9,
    0x58, 0x70, 0xf, 0xa9, 0x61, 0x80, 0x3e, 0xa5,
    0x96, 0x0, 0xfa, 0x92, 0x55, 0xbc, 0x80, 0x35,
    0xfa, 0x80, 0x63, 0x81, 0x0, 0xfa, 0x90, 0x40,
    0x3e, 0x48, 0x0, 0xc0,

    /* U+0137 "ķ" */
    0x8e, 0x0, 0xff, 0xe9, 0x37, 0xb8, 0x7, 0x3c,
    0xc9, 0xc0, 0x34, 0xc5, 0xb0, 0x6, 0xa7, 0xc4,
    0x0, 0xc2, 0xaa, 0x30, 0xe, 0x1c, 0x4a, 0x0,
    0xf1, 0xe2, 0xd0, 0x7, 0x8f, 0x16, 0x80, 0x3c,
    0x78, 0xb6, 0x11, 0xc0, 0x11, 0xfd, 0x80, 0x62,
    0x82, 0x0, 0xf2, 0xb1, 0x0, 0x7b, 0x24, 0x3,
    0x0,

    /* U+0138 "ĸ" */
    0x8e, 0x0, 0x9b, 0xdc, 0x3, 0x9e, 0x64, 0xe0,
    0x1a, 0x21, 0x4c, 0x1, 0xa9, 0xed, 0x40, 0x30,
    0xaa, 0x20, 0x3, 0x86, 0xd2, 0x80, 0x3c, 0x98,
    0xb4, 0x1, 0xe3, 0xc5, 0xa0, 0xf, 0x1e, 0x2d,
    0x0,

    /* U+0139 "Ĺ" */
    0x2, 0xe4, 0x0, 0xef, 0x84, 0x0, 0xed, 0x60,
    0xe, 0x6f, 0x20, 0xf, 0xff, 0xf8, 0x6, 0x45,
    0x5c, 0x80, 0x9, 0xaa, 0xd2,

    /* U+013A "ĺ" */
    0x4, 0xe2, 0x1a, 0xa1, 0xf, 0x20, 0x3f, 0x80,
    0x7f, 0xf8, 0x80,

    /* U+013B "Ļ" */
    0x6f, 0x20, 0xf, 0xff, 0xf8, 0x6, 0x45, 0x5c,
    0x80, 0x9, 0xaa, 0xd2, 0xdf, 0xfe, 0xd0, 0x8,
    0xe0, 0x40, 0x3a, 0x90, 0x40, 0x39, 0x20, 0x2,

    /* U+013C "ļ" */
    0x7f, 0x0, 0xff, 0xeb, 0x3f, 0x81, 0x40, 0xd2,
    0x8a, 0x40, 0x0,

    /* U+013D "Ľ" */
    0x6f, 0x20, 0xda, 0x0, 0xf1, 0x78, 0x7, 0x18,
    0xa8, 0x7, 0x1f, 0x0, 0x7f, 0xfa, 0x51, 0x57,
    0x20, 0x2, 0x6a, 0xb4, 0x80,

    /* U+013E "ľ" */
    0x7f, 0xa, 0xd0, 0x9, 0xd4, 0x2, 0x2b, 0x0,
    0xbc, 0xc0, 0x3f, 0xfb, 0x80,

    /* U+013F "Ŀ" */
    0x6f, 0x20, 0xf, 0xfe, 0xb7, 0x58, 0x7, 0xce,
    0x1, 0xee, 0xc0, 0xf, 0xfe, 0x7a, 0x2a, 0xe4,
    0x0, 0x4d, 0x56, 0x90,

    /* U+0140 "ŀ" */
    0x7f, 0x0, 0xff, 0xe6, 0xcf, 0x80, 0x7e, 0x9f,
    0x0, 0xff, 0xe4, 0x80,

    /* U+0141 "Ł" */
    0x0, 0x2f, 0x98, 0x7, 0xff, 0x48, 0x60, 0x3,
    0xe4, 0xf2, 0x0, 0xfa, 0x21, 0x40, 0x18, 0x64,
    0x2d, 0x80, 0x3b, 0x0, 0xe, 0x1, 0xec, 0x90,
    0xf, 0xc2, 0x1, 0xff, 0xc0, 0x45, 0x5c, 0x80,
    0x1a, 0x2a, 0xb8,

    /* U+0142 "ł" */
    0x7, 0xf0, 0xf, 0xfe, 0x45, 0xa0, 0x78, 0x1a,
    0x4b, 0x84, 0x6, 0xc0, 0x4, 0x80, 0x1f, 0xfc,
    0x70,

    /* U+0143 "Ń" */
    0x0, 0xcd, 0xc2, 0x1, 0xe3, 0x8c, 0x10, 0xf,
    0x1f, 0x10, 0x6, 0x6f, 0xe0, 0xc, 0x5e, 0xc0,
    0x1, 0x70, 0xf, 0xc9, 0x20, 0x1f, 0xa0, 0x60,
    0x3, 0xe2, 0x67, 0x10, 0xf, 0xa0, 0x24, 0x3,
    0xe1, 0x77, 0x8, 0x7, 0xd2, 0x10, 0x1, 0xf0,
    0xbb, 0x8, 0x7, 0xd2, 0x10, 0x1, 0xf0, 0xc2,
    0x0, 0x7e, 0x71, 0x0, 0x0,

    /* U+0144 "ń" */
    0x0, 0xd7, 0x60, 0xe, 0x76, 0xb0, 0xc, 0x73,
    0x80, 0x1c, 0x7c, 0x20, 0x14, 0x71, 0xe7, 0xeb,
    0x0, 0x7, 0xe3, 0xae, 0x50, 0x1, 0xe8, 0x2c,
    0x5c, 0x0, 0x30, 0x9, 0xd8, 0x4, 0x3, 0xff,
    0xb4,

    /* U+0145 "Ņ" */
    0x6f, 0xe0, 0xc, 0x5e, 0xc0, 0x1, 0x70, 0xf,
    0xc9, 0x20, 0x1f, 0xa0, 0x60, 0x3, 0xe2, 0x67,
    0x10, 0xf, 0xa0, 0x24, 0x3, 0xe1, 0x77, 0x8,
    0x7, 0xd2, 0x10, 0x1, 0xf0, 0xbb, 0x8, 0x7,
    0xd2, 0x10, 0x1, 0xf0, 0xc2, 0x0, 0x7e, 0x71,
    0x0, 0x37, 0x88, 0x6, 0xef, 0x60, 0xc, 0x8e,
    0x1, 0xfa, 0x38, 0x3, 0xf1, 0xc0, 0x6,

    /* U+0146 "ņ" */
    0x8e, 0x3c, 0xfd, 0x60, 0x0, 0xfc, 0x75, 0xca,
    0x0, 0x3d, 0x5, 0x8b, 0x80, 0x6, 0x1, 0x3b,
    0x0, 0x80, 0x7f, 0xf6, 0xa3, 0x80, 0x35, 0x60,
    0x4, 0x70, 0x1, 0xe9, 0x30, 0xf, 0x24, 0x0,
    0x40,

    /* U+0147 "Ň" */
    0x0, 0x17, 0x9, 0xe8, 0x80, 0x62, 0x9d, 0xe9,
    0x10, 0xe, 0x7b, 0xb2, 0x0, 0x4d, 0xfc, 0xe,
    0xc0, 0x5e, 0xc0, 0x1, 0x70, 0xf, 0xc9, 0x20,
    0x1f, 0xa0, 0x60, 0x3, 0xe2, 0x67, 0x10, 0xf,
    0xa0, 0x24, 0x3, 0xe1, 0x77, 0x8, 0x7, 0xd2,
    0x10, 0x1, 0xf0, 0xbb, 0x8, 0x7, 0xd2, 0x10,
    0x1, 0xf0, 0xc2, 0x0, 0x7e, 0x71, 0x0, 0x0,

    /* U+0148 "ň" */
    0x1, 0xc1, 0xa, 0x40, 0x0, 0xdd, 0x40, 0x20,
    0x4, 0xe0, 0xd6, 0x1, 0xd7, 0xc2, 0x0, 0x8e,
    0x3c, 0xfd, 0x60, 0x0, 0xfc, 0x75, 0xca, 0x0,
    0x3d, 0x5, 0x8b, 0x80, 0x6, 0x1, 0x3b, 0x0,
    0x80, 0x7f, 0xf6, 0x80,

    /* U+0149 "ŉ" */
    0xc, 0xe0, 0xf, 0xe1, 0x50, 0xf, 0xc2, 0x50,
    0x1, 0xf8, 0x9c, 0xfa, 0x5f, 0x7f, 0xc, 0xe,
    0x0, 0xf, 0xbf, 0xaf, 0xa0, 0x1c, 0x74, 0x44,
    0x91, 0x40, 0xc, 0x80, 0x11, 0x1, 0x0, 0x7f,
    0x84, 0x3, 0xff, 0xc0,

    /* U+014A "Ŋ" */
    0x6f, 0x26, 0xdf, 0xe7, 0x0, 0xd1, 0x76, 0x95,
    0x86, 0x0, 0x93, 0x59, 0x96, 0x50, 0x1, 0x40,
    0x6, 0x51, 0x10, 0x1, 0x40, 0x37, 0x1, 0x80,
    0x4, 0x3, 0xc2, 0x1, 0xff, 0xf0, 0x6f, 0x20,
    0xf, 0x8, 0x7, 0x92, 0x84, 0x80, 0x38, 0xac,
    0x68, 0x0,

    /* U+014B "ŋ" */
    0x8e, 0x3c, 0xfd, 0x70, 0x0, 0xfc, 0x75, 0xc2,
    0x80, 0x3d, 0x5, 0x8f, 0xc0, 0x6, 0x1, 0x33,
    0x0, 0x40, 0x3f, 0xfb, 0x51, 0xc0, 0x18, 0x5c,
    0x2, 0x33, 0x2a, 0x18, 0x5, 0xb9, 0x4b, 0x0,

    /* U+014C "Ō" */
    0x0, 0xdf, 0xfa, 0x80, 0x3e, 0xdd, 0xd6, 0x1,
    0xf1, 0x16, 0x10, 0xf, 0x25, 0xf7, 0xec, 0x88,
    0x6, 0x7b, 0x78, 0xa5, 0x7f, 0x20, 0x1, 0xc2,
    0xe3, 0x2c, 0x60, 0xf8, 0x2, 0x42, 0xc0, 0x31,
    0x41, 0x20, 0x2a, 0x8, 0x7, 0x28, 0x60, 0x0,
    0x80, 0x3c, 0x40, 0x42, 0x1, 0xff, 0x8, 0x10,
    0x7, 0x88, 0x8, 0x11, 0x2, 0x1, 0xca, 0x18,
    0x10, 0x16, 0x1, 0x8a, 0x49, 0x0, 0xe1, 0x71,
    0x96, 0x30, 0x3c, 0x2, 0x7b, 0x78, 0xa5, 0x7f,
    0x20,

    /* U+014D "ō" */
    0x0, 0x3f, 0xfe, 0x30, 0x9, 0xb7, 0x71, 0x80,
    0x42, 0x45, 0x80, 0x32, 0x67, 0xfa, 0xc8, 0x0,
    0x96, 0xf7, 0x4d, 0x82, 0x10, 0x56, 0x8b, 0x83,
    0x0, 0x6a, 0x1, 0xa, 0x20, 0x43, 0x80, 0x30,
    0x98, 0x87, 0x0, 0x61, 0x30, 0x35, 0x0, 0x85,
    0x10, 0x10, 0x56, 0xaa, 0xc1, 0x80, 0x4b, 0x7a,
    0xa3, 0x60, 0x80,

    /* U+014E "Ŏ" */
    0x0, 0xdc, 0x41, 0x14, 0x1, 0xf4, 0x6f, 0xac,
    0x0, 0x7c, 0xdf, 0xda, 0x40, 0x1e, 0x4b, 0xee,
    0x6c, 0x88, 0x6, 0x7b, 0x78, 0xa5, 0x7f, 0x20,
    0x1, 0xc2, 0xe3, 0x2c, 0x60, 0xf8, 0x2, 0x42,
    0xc0, 0x31, 0x41, 0x20, 0x2a, 0x8, 0x7, 0x28,
    0x60, 0x0, 0x80, 0x3c, 0x40, 0x42, 0x1, 0xff,
    0x8, 0x10, 0x7, 0x88, 0x8, 0x11, 0x2, 0x1,
    0xca, 0x18, 0x10, 0x16, 0x1, 0x8a, 0x49, 0x0,
    0xe1, 0x71, 0x96, 0x30, 0x3c, 0x2, 0x7b, 0x78,
    0xa5, 0x7f, 0x20,

    /* U+014F "ŏ" */
    0x0, 0x35, 0x0, 0xe9, 0x80, 0x4c, 0x3f, 0xc8,
    0x60, 0x1a, 0xff, 0xd2, 0x1, 0xff, 0xc1, 0x4c,
    0xff, 0x59, 0x0, 0x12, 0xde, 0xe9, 0xb0, 0x42,
    0xa, 0xd1, 0x70, 0x60, 0xd, 0x40, 0x21, 0x44,
    0x8, 0x70, 0x6, 0x13, 0x10, 0xe0, 0xc, 0x26,
    0x6, 0xa0, 0x10, 0xa2, 0x2, 0xa, 0xd5, 0x58,
    0x30, 0x9, 0x6f, 0x54, 0x6c, 0x10,

    /* U+0150 "Ő" */
    0x0, 0xf0, 0x80, 0x7f, 0xb2, 0xf, 0xcc, 0x3,
    0xd0, 0xf1, 0xd4, 0x60, 0x1e, 0x8b, 0x1d, 0x50,
    0xf, 0x25, 0xf7, 0xec, 0x88, 0x6, 0x7b, 0x78,
    0xa5, 0x7f, 0x20, 0x1, 0xc2, 0xe3, 0x2c, 0x60,
    0xf8, 0x2, 0x42, 0xc0, 0x31, 0x41, 0x20, 0x2a,
    0x8, 0x7, 0x28, 0x60, 0x0, 0x80, 0x3c, 0x40,
    0x42, 0x1, 0xff, 0x8, 0x10, 0x7, 0x88, 0x8,
    0x11, 0x2, 0x1, 0xca, 0x18, 0x10, 0x16, 0x1,
    0x8a, 0x49, 0x0, 0xe1, 0x71, 0x96, 0x30, 0x3c,
    0x2, 0x7b, 0x78, 0xa5, 0x7f, 0x20,

    /* U+0151 "ő" */
    0x0, 0xd5, 0x41, 0xf4, 0x0, 0x89, 0x6e, 0x15,
    0x0, 0x2b, 0x83, 0x4b, 0x0, 0xd2, 0xe5, 0xa2,
    0x1, 0x26, 0x7f, 0xac, 0x80, 0x9, 0x6f, 0x74,
    0xd8, 0x21, 0x5, 0x68, 0xb8, 0x30, 0x6, 0xa0,
    0x10, 0xa2, 0x4, 0x38, 0x3, 0x9, 0x88, 0x70,
    0x6, 0x13, 0x3, 0x50, 0x8, 0x51, 0x1, 0x5,
    0x6a, 0xac, 0x18, 0x4, 0xb7, 0xaa, 0x36, 0x8,

    /* U+0152 "Œ" */
    0x0, 0x85, 0xf3, 0xbf, 0xff, 0x80, 0x24, 0xe8,
    0x58, 0xa6, 0x9, 0xaa, 0xe0, 0x1, 0x59, 0xf4,
    0xb2, 0xf8, 0x22, 0xaf, 0x0, 0x20, 0x34, 0x40,
    0x3f, 0xf8, 0x2a, 0x82, 0x1, 0xe1, 0x1e, 0x0,
    0xc4, 0x1, 0xf6, 0x77, 0x6b, 0x0, 0xff, 0xaa,
    0xef, 0x48, 0x4, 0x40, 0x1f, 0x3a, 0x26, 0x20,
    0x2, 0xa0, 0x80, 0x7f, 0xf0, 0xa0, 0x34, 0x40,
    0x3f, 0xf8, 0x25, 0x67, 0xd2, 0xcb, 0xe0, 0x8a,
    0xbc, 0x1, 0x27, 0x42, 0xc5, 0x30, 0x4d, 0x57,
    0x8,

    /* U+0153 "œ" */
    0x0, 0x26, 0x7f, 0x50, 0x83, 0x6f, 0xf4, 0x80,
    0x49, 0x6f, 0x76, 0x7f, 0xa9, 0x5b, 0x87, 0xb0,
    0x4, 0x15, 0xa2, 0xe0, 0xac, 0x41, 0x1a, 0x90,
    0xc0, 0xd4, 0x2, 0x14, 0x6, 0x0, 0x90, 0x10,
    0x43, 0x80, 0x30, 0x87, 0x7f, 0xe0, 0xf1, 0xe,
    0x0, 0xc2, 0x19, 0xbb, 0xd2, 0x6, 0xa0, 0x10,
    0xa0, 0x29, 0x17, 0x8, 0x41, 0x5a, 0xab, 0x5,
    0x66, 0x11, 0xd, 0x64, 0x9, 0x6f, 0x54, 0x6c,
    0xa9, 0x4b, 0xb8, 0xcc,

    /* U+0154 "Ŕ" */
    0x0, 0xd9, 0x20, 0x1f, 0x43, 0xc8, 0x7, 0xd1,
    0x60, 0x1c, 0xdf, 0xfb, 0x60, 0x3, 0xa6, 0xe9,
    0xdd, 0x0, 0x19, 0x10, 0xb4, 0x6e, 0x1, 0xf9,
    0x40, 0x40, 0x3e, 0x21, 0x10, 0x4, 0x20, 0x2c,
    0x90, 0x1, 0xb3, 0xfa, 0x59, 0x80, 0x1a, 0xb2,
    0x8d, 0x94, 0x3, 0x39, 0xae, 0x15, 0x80, 0x7e,
    0x81, 0x70, 0xf, 0x94, 0xe4, 0x3, 0xf4, 0xb,
    0x0,

    /* U+0155 "ŕ" */
    0x0, 0xd7, 0x60, 0xc, 0xed, 0x60, 0x11, 0xce,
    0x0, 0x63, 0xe1, 0x0, 0x47, 0x26, 0x7c, 0x80,
    0x6, 0x63, 0xac, 0x2, 0x94, 0x12, 0x0, 0x90,
    0x3, 0x84, 0x3, 0xff, 0xaa,

    /* U+0156 "Ŗ" */
    0x6f, 0xfd, 0xb0, 0x1, 0xd3, 0x74, 0xee, 0x80,
    0xc, 0x88, 0x5a, 0x37, 0x0, 0xfc, 0xa0, 0x20,
    0x1f, 0x10, 0x88, 0x2, 0x10, 0x16, 0x48, 0x0,
    0xd9, 0xfd, 0x2c, 0xc0, 0xd, 0x59, 0x46, 0xca,
    0x1, 0x9c, 0xd7, 0xa, 0xc0, 0x3f, 0x40, 0xb8,
    0x7, 0xca, 0x72, 0x1, 0xfa, 0x5, 0x99, 0xe4,
    0x1, 0x93, 0xd8, 0x3, 0x1c, 0x0, 0x7e, 0x93,
    0x0, 0xfc, 0x90, 0x1, 0x80,

    /* U+0157 "ŗ" */
    0x0, 0xf4, 0x72, 0x67, 0xc8, 0xc, 0xc7, 0x58,
    0x2, 0x50, 0x48, 0x0, 0x80, 0x18, 0x40, 0x3f,
    0xfa, 0x11, 0xc0, 0x18, 0xe0, 0x40, 0x2a, 0x41,
    0x0, 0x92, 0x0, 0x30,

    /* U+0158 "Ř" */
    0x2, 0xe2, 0x27, 0x8, 0x6, 0x28, 0xff, 0x58,
    0x80, 0x73, 0x55, 0x14, 0x3, 0x37, 0xfa, 0x21,
    0xb0, 0x1, 0xd3, 0x74, 0xee, 0x80, 0xc, 0x88,
    0x5a, 0x37, 0x0, 0xfc, 0xa0, 0x20, 0x1f, 0x10,
    0x88, 0x2, 0x10, 0x16, 0x48, 0x0, 0xd9, 0xfd,
    0x2c, 0xc0, 0xd, 0x59, 0x46, 0xca, 0x1, 0x9c,
    0xd7, 0xa, 0xc0, 0x3f, 0x40, 0xb8, 0x7, 0xca,
    0x72, 0x1, 0xfa, 0x5, 0x80,

    /* U+0159 "ř" */
    0x1e, 0x30, 0xb6, 0x1b, 0xe7, 0x6, 0x5, 0x78,
    0x90, 0xa, 0xbc, 0x82, 0x39, 0x33, 0xe4, 0x6,
    0x63, 0xac, 0x1, 0x28, 0x24, 0x0, 0x40, 0xc,
    0x20, 0x1f, 0xfd, 0x0,

    /* U+015A "Ś" */
    0x0, 0xd9, 0x20, 0x1e, 0x87, 0x90, 0xf, 0x45,
    0x80, 0x72, 0x5f, 0x7e, 0xd2, 0x3, 0x5b, 0xc5,
    0x50, 0x70, 0x2c, 0xb1, 0x95, 0xee, 0x0, 0xd8,
    0x3, 0xe4, 0x43, 0x88, 0x7, 0x59, 0xc7, 0x72,
    0x90, 0x0, 0x39, 0xb0, 0xaa, 0xb7, 0x0, 0x89,
    0xef, 0x8e, 0x4, 0x3, 0x86, 0x80, 0x88, 0x1,
    0xde, 0x3, 0x98, 0x75, 0x55, 0x32, 0x15, 0xb5,
    0x54, 0xf1, 0x60,

    /* U+015B "ś" */
    0x0, 0xeb, 0xb0, 0x7, 0x3b, 0x58, 0x6, 0x39,
    0xc0, 0xe, 0x3e, 0x10, 0x8, 0x6b, 0xbf, 0xac,
    0x1, 0xaf, 0x79, 0x64, 0x20, 0x76, 0xa6, 0xb2,
    0x20, 0x70, 0xc4, 0x1, 0xb5, 0xe3, 0x79, 0xc0,
    0x3, 0x3d, 0xad, 0xa, 0x1, 0x8a, 0x3, 0x47,
    0x19, 0x11, 0x21, 0x62, 0xb7, 0x72, 0xd9, 0x80,

    /* U+015C "Ŝ" */
    0x0, 0xf, 0x71, 0x0, 0x3b, 0x6f, 0x24, 0x80,
    0x36, 0x29, 0x69, 0x0, 0x49, 0x7d, 0xfb, 0x48,
    0xd, 0x6f, 0x15, 0x41, 0xc0, 0xb2, 0xc6, 0x57,
    0xb8, 0x3, 0x60, 0xf, 0x91, 0xe, 0x20, 0x1d,
    0x67, 0x1d, 0xca, 0x40, 0x0, 0xe6, 0xc2, 0xaa,
    0xdc, 0x2, 0x27, 0xbe, 0x38, 0x10, 0xe, 0x1a,
    0x2, 0x20, 0x7, 0x78, 0xe, 0x61, 0xd5, 0x54,
    0xc8, 0x56, 0xd5, 0x53, 0xc5, 0x80,

    /* U+015D "ŝ" */
    0x0, 0xa7, 0xcc, 0x3, 0x1b, 0xc7, 0x80, 0x6e,
    0xa7, 0x67, 0x0, 0xb5, 0x2, 0x9c, 0x0, 0x35,
    0xdf, 0xd6, 0x0, 0xd7, 0xbc, 0xb2, 0x10, 0x3b,
    0x53, 0x59, 0x10, 0x38, 0x62, 0x0, 0xda, 0xf1,
    0xbc, 0xe0, 0x1, 0x9e, 0xd6, 0x85, 0x0, 0xc5,
    0x1, 0xa3, 0x8c, 0x88, 0x90, 0xb1, 0x5b, 0xb9,
    0x6c, 0xc0,

    /* U+015E "Ş" */
    0x4, 0xbe, 0xfd, 0xa4, 0x6, 0xb7, 0x8a, 0xa0,
    0xe0, 0x59, 0x63, 0x2b, 0xdc, 0x1, 0xb0, 0x7,
    0xc8, 0x87, 0x10, 0xe, 0xb3, 0x8e, 0xe5, 0x20,
    0x0, 0x73, 0x61, 0x55, 0x6e, 0x1, 0x13, 0xdf,
    0x1c, 0x8, 0x7, 0xd, 0x1, 0x10, 0x3, 0xbc,
    0x7, 0x30, 0xea, 0xaa, 0x64, 0x2b, 0x6a, 0xa9,
    0xe2, 0xc1, 0x6b, 0x7c, 0xf9, 0xc0, 0x30, 0x83,
    0x58, 0x7, 0x47, 0xa5, 0x80, 0x40,

    /* U+015F "ş" */
    0x1, 0xae, 0xfe, 0xb0, 0x6, 0xbd, 0xe5, 0x90,
    0x81, 0xda, 0x9a, 0xc8, 0x81, 0xc3, 0x10, 0x6,
    0xd7, 0x8d, 0xe7, 0x0, 0xc, 0xf6, 0xb4, 0x28,
    0x6, 0x28, 0xd, 0x1c, 0x64, 0x44, 0x85, 0x8a,
    0xdd, 0xcb, 0x66, 0x13, 0xbe, 0xb2, 0x80, 0x10,
    0x81, 0xf8, 0x6, 0x6f, 0x7e, 0x0, 0x0,

    /* U+0160 "Š" */
    0x0, 0x62, 0x16, 0x90, 0x6, 0xea, 0xc9, 0x20,
    0xc, 0x5d, 0xc4, 0x0, 0xc9, 0x7d, 0xfb, 0x48,
    0xd, 0x6f, 0x15, 0x41, 0xc0, 0xb2, 0xc6, 0x57,
    0xb8, 0x3, 0x60, 0xf, 0x91, 0xe, 0x20, 0x1d,
    0x67, 0x1d, 0xca, 0x40, 0x0, 0xe6, 0xc2, 0xaa,
    0xdc, 0x2, 0x27, 0xbe, 0x38, 0x10, 0xe, 0x1a,
    0x2, 0x20, 0x7, 0x78, 0xe, 0x61, 0xd5, 0x54,
    0xc8, 0x56, 0xd5, 0x53, 0xc5, 0x80,

    /* U+0161 "š" */
    0x0, 0x6a, 0x4, 0xc0, 0x5, 0xd4, 0xc9, 0x0,
    0x11, 0xb4, 0xf0, 0x7, 0x47, 0x98, 0x4, 0x35,
    0xdf, 0xd6, 0x0, 0xd7, 0xbc, 0xb2, 0x10, 0x3b,
    0x53, 0x59, 0x10, 0x38, 0x62, 0x0, 0xda, 0xf1,
    0xbc, 0xe0, 0x1, 0x9e, 0xd6, 0x85, 0x0, 0xc5,
    0x1, 0xa3, 0x8c, 0x88, 0x90, 0xb1, 0x5b, 0xb9,
    0x6c, 0xc0,

    /* U+0162 "Ţ" */
    0xf, 0xff, 0xed, 0xa, 0xac, 0x27, 0x55, 0x48,
    0x2a, 0xe0, 0x75, 0x59, 0x0, 0x3f, 0xff, 0xe0,
    0x1f, 0xfd, 0x1b, 0x10, 0xf, 0xe4, 0x51, 0x0,
    0xf0, 0xf7, 0x10, 0x40, 0x20,

    /* U+0163 "ţ" */
    0x4, 0x70, 0xd, 0x90, 0x1, 0xfd, 0x2e, 0x1f,
    0xee, 0x86, 0xd, 0xd7, 0x88, 0x80, 0x88, 0x20,
    0x1f, 0xfc, 0x7f, 0x0, 0xe2, 0x6, 0x32, 0x5,
    0x68, 0xcc, 0x0, 0x27, 0x4f, 0x80, 0x23, 0x23,
    0x0, 0x77, 0x91, 0x80,

    /* U+0164 "Ť" */
    0x0, 0x8b, 0x84, 0xf4, 0x3, 0xc5, 0x3b, 0xa9,
    0x0, 0xf9, 0xee, 0x10, 0x3, 0x7f, 0xe8, 0x9f,
    0xfb, 0x42, 0xab, 0x9, 0xd5, 0x52, 0xa, 0xb8,
    0x1d, 0x56, 0x40, 0xf, 0xff, 0xf8, 0x7, 0xff,
    0x30,

    /* U+0165 "ť" */
    0x0, 0xd5, 0xa0, 0x26, 0xe, 0xa1, 0x38, 0x5,
    0x60, 0x1b, 0xce, 0x5c, 0x3f, 0xdd, 0xc, 0x1b,
    0xaf, 0x11, 0x1, 0x10, 0x40, 0x3f, 0xf8, 0xfe,
    0x1, 0xc4, 0xc, 0x64, 0xa, 0xd1, 0x98,

    /* U+0166 "Ŧ" */
    0xf, 0xff, 0xed, 0xa, 0xac, 0x27, 0x55, 0x48,
    0x2a, 0xe0, 0x75, 0x59, 0x0, 0x3f, 0xf9, 0xc2,
    0x0, 0x10, 0xf, 0x7f, 0xa, 0x76, 0x0, 0x76,
    0x58, 0x9d, 0xf8, 0x7, 0x1a, 0x3, 0xa1, 0x80,
    0x7f, 0xf5, 0xc0,

    /* U+0167 "ŧ" */
    0x4, 0x70, 0xd, 0x90, 0x1, 0xfd, 0x2e, 0x1f,
    0xee, 0x86, 0xd, 0xd7, 0x88, 0x80, 0x88, 0x30,
    0xe1, 0xfe, 0xd9, 0x60, 0xdd, 0x78, 0x88, 0x8,
    0xa0, 0xf0, 0xe, 0x20, 0x73, 0x20, 0x56, 0x9c,
    0xc0,

    /* U+0168 "Ũ" */
    0x0, 0x1e, 0xd9, 0x4a, 0x80, 0x6a, 0x8f, 0xf2,
    0xa8, 0x3, 0x4a, 0xa6, 0xe0, 0x5, 0x3e, 0x1,
    0xc9, 0xea, 0x1, 0xff, 0xfa, 0x10, 0x10, 0xc,
    0x40, 0xd8, 0xc, 0x1, 0xb4, 0x4d, 0x11, 0x12,
    0xad, 0x69, 0x0, 0xb, 0x74, 0xa9, 0x7a, 0x60,

    /* U+0169 "ũ" */
    0x2, 0xdd, 0x23, 0xc0, 0x1, 0x55, 0xd3, 0x54,
    0x0, 0x3c, 0x1e, 0xe8, 0x82, 0xb0, 0x3, 0x65,
    0x80, 0x7f, 0xf5, 0xc, 0x40, 0x3d, 0xc6, 0x1,
    0x9, 0x82, 0x8c, 0x9, 0x50, 0x0, 0xa9, 0x7b,
    0xf8, 0xc0,

    /* U+016A "Ū" */
    0x0, 0x3f, 0xfe, 0x30, 0xc, 0xdb, 0xb8, 0xc0,
    0x30, 0x91, 0x60, 0xa, 0x7c, 0x3, 0x93, 0xd4,
    0x3, 0xff, 0xf4, 0x20, 0x20, 0x18, 0x81, 0xb0,
    0x18, 0x3, 0x68, 0x9a, 0x22, 0x25, 0x5a, 0xd2,
    0x0, 0x16, 0xe9, 0x52, 0xf4, 0xc0,

    /* U+016B "ū" */
    0x5, 0xff, 0xca, 0x0, 0x5d, 0xdc, 0xa0, 0x11,
    0x16, 0x0, 0x56, 0x0, 0x6c, 0xb0, 0xf, 0xfe,
    0xa1, 0x88, 0x7, 0xb8, 0xc0, 0x21, 0x30, 0x51,
    0x81, 0x2a, 0x0, 0x15, 0x2f, 0x7f, 0x18, 0x0,

    /* U+016C "Ŭ" */
    0x0, 0x3c, 0x80, 0xe9, 0x80, 0x66, 0x5f, 0xe4,
    0x30, 0xc, 0x39, 0xfe, 0x90, 0xa, 0x7c, 0x3,
    0x93, 0xd4, 0x3, 0xff, 0xf4, 0x20, 0x20, 0x18,
    0x81, 0xb0, 0x18, 0x3, 0x68, 0x9a, 0x22, 0x25,
    0x5a, 0xd2, 0x0, 0x16, 0xe9, 0x52, 0xf4, 0xc0,

    /* U+016D "ŭ" */
    0x2, 0x60, 0x2, 0x98, 0x0, 0xeb, 0xfd, 0x24,
    0x0, 0x1c, 0xff, 0x60, 0x80, 0x7f, 0x56, 0x0,
    0x6c, 0xb0, 0xf, 0xfe, 0xa1, 0x88, 0x7, 0xb8,
    0xc0, 0x21, 0x30, 0x51, 0x81, 0x2a, 0x0, 0x15,
    0x2f, 0x7f, 0x18, 0x0,

    /* U+016E "Ů" */
    0x0, 0x9b, 0xb5, 0x0, 0x38, 0xaf, 0xfa, 0x80,
    0x3f, 0xf8, 0x33, 0xe4, 0xbd, 0x96, 0x9e, 0xa0,
    0x14, 0x7f, 0x94, 0x3, 0xff, 0xe6, 0x20, 0x20,
    0x18, 0x81, 0xb0, 0x18, 0x3, 0x68, 0x9a, 0x22,
    0x25, 0x5a, 0xd2, 0x0, 0x16, 0xe9, 0x52, 0xf4,
    0xc0,

    /* U+016F "ů" */
    0x0, 0x27, 0x69, 0x80, 0x6a, 0xce, 0xe0, 0x4,
    0x46, 0x46, 0x61, 0x0, 0x11, 0x91, 0x98, 0x40,
    0x2a, 0xfe, 0xe0, 0x2, 0xb1, 0x37, 0x47, 0x96,
    0x1, 0xff, 0xd4, 0x31, 0x0, 0xf7, 0x18, 0x4,
    0x26, 0xa, 0x30, 0x25, 0x40, 0x2, 0xa5, 0xef,
    0xe3, 0x0,

    /* U+0170 "Ű" */
    0x0, 0xc2, 0x0, 0x10, 0xe, 0x3e, 0x39, 0xa0,
    0xc, 0x3b, 0x6c, 0x96, 0x1, 0x87, 0x91, 0x74,
    0x2, 0x9f, 0x0, 0xe4, 0xf5, 0x0, 0xff, 0xfd,
    0x8, 0x8, 0x6, 0x20, 0x6c, 0x6, 0x0, 0xda,
    0x26, 0x88, 0x89, 0x56, 0xb4, 0x80, 0x5, 0xba,
    0x54, 0xbd, 0x30, 0x0,

    /* U+0171 "ű" */
    0x0, 0x9e, 0xc3, 0x58, 0x2, 0x98, 0x71, 0x60,
    0x4, 0x39, 0xcf, 0x0, 0x51, 0x21, 0xc4, 0x15,
    0x80, 0x1b, 0x2c, 0x3, 0xff, 0xa8, 0x62, 0x1,
    0xee, 0x30, 0x8, 0x4c, 0x14, 0x60, 0x4a, 0x80,
    0x5, 0x4b, 0xdf, 0xc6, 0x0,

    /* U+0172 "Ų" */
    0x9f, 0x0, 0xe4, 0xf5, 0x0, 0xff, 0xfd, 0x8,
    0x8, 0x6, 0x20, 0x6c, 0x6, 0x0, 0xda, 0x26,
    0x88, 0x89, 0x56, 0xb4, 0x80, 0x5, 0xba, 0x54,
    0xbd, 0x30, 0x5, 0x1e, 0x5f, 0x8a, 0x1, 0xc8,
    0x20, 0x1f, 0x90, 0x7d, 0x80, 0x20,

    /* U+0173 "ų" */
    0xac, 0x0, 0xd9, 0x60, 0x1f, 0xfd, 0x93, 0x10,
    0xf, 0xb8, 0xc0, 0x21, 0x30, 0x2, 0x8c, 0x9,
    0x50, 0x4, 0x54, 0xbd, 0xfc, 0x60, 0x12, 0xef,
    0xea, 0xab, 0x80, 0x3e, 0x67, 0x0, 0xf9, 0x77,
    0x0,

    /* U+0174 "Ŵ" */
    0x0, 0xf1, 0xf7, 0x8, 0x3, 0xfe, 0x2e, 0xca,
    0xe0, 0xf, 0xf8, 0xb4, 0x93, 0x0, 0x3c, 0xbe,
    0x60, 0x10, 0xff, 0x0, 0x66, 0xf2, 0x40, 0x40,
    0x9, 0x0, 0x48, 0x2, 0xc1, 0x21, 0x2c, 0x0,
    0xb1, 0x9, 0x0, 0x24, 0x40, 0x1, 0x10, 0x1,
    0x26, 0x3e, 0x0, 0x8, 0x74, 0x1, 0xe0, 0x60,
    0x24, 0x98, 0x80, 0x4, 0x4, 0x0, 0x20, 0x20,
    0x28, 0x1a, 0x9, 0x6, 0x1, 0x80, 0x8, 0x70,
    0x31, 0x0, 0x85, 0xc1, 0xd0, 0x3, 0x22, 0x82,
    0x18, 0x1, 0x30, 0x4b, 0x0, 0x36, 0x9, 0x9b,
    0x0, 0x1a, 0x88, 0x4, 0x0, 0xc8, 0x10, 0x8,
    0x0, 0x42, 0xe0, 0x30, 0xc, 0x42, 0x86, 0x1,
    0x18, 0x22, 0x0, 0x3c, 0x80, 0x80, 0x19, 0x3,
    0x0, 0x20,

    /* U+0175 "ŵ" */
    0x0, 0xe5, 0xf7, 0x0, 0xfe, 0x1b, 0x99, 0x8,
    0x7, 0xeb, 0x66, 0x45, 0x0, 0x7e, 0xa8, 0x6,
    0xb0, 0xc, 0x7e, 0x60, 0x6, 0xf8, 0x0, 0x17,
    0xa1, 0x8a, 0x0, 0x30, 0x10, 0x0, 0x80, 0x80,
    0xb8, 0x0, 0x47, 0x30, 0x6, 0x18, 0x3, 0x10,
    0xc, 0x64, 0x10, 0x11, 0x0, 0x5, 0x4, 0x41,
    0x8a, 0x61, 0xe, 0x0, 0x8, 0x73, 0x8, 0x18,
    0x88, 0x4, 0x0, 0x91, 0x2c, 0x4, 0x3d, 0x30,
    0xd, 0x86, 0x8, 0x6, 0x28, 0x80, 0xc, 0x80,
    0x60, 0x12, 0x86, 0x0, 0x0,

    /* U+0176 "Ŷ" */
    0x0, 0xc9, 0xdc, 0x10, 0xf, 0x14, 0xe5, 0xe8,
    0x7, 0x8b, 0x49, 0x70, 0x3, 0x5f, 0x8, 0x6,
    0x3f, 0x70, 0xa1, 0xb0, 0xd, 0xc6, 0xe0, 0x32,
    0xa8, 0x0, 0x82, 0xf0, 0x9, 0x92, 0x84, 0x9d,
    0xc6, 0x1, 0xa4, 0x6f, 0x8a, 0x0, 0x38, 0xa5,
    0x4f, 0x80, 0x3e, 0x61, 0x43, 0x0, 0xff, 0xf7,
    0x0,

    /* U+0177 "ŷ" */
    0x0, 0x8f, 0xec, 0x3, 0x87, 0xb0, 0x1c, 0x3,
    0x2c, 0x9d, 0x80, 0x72, 0x20, 0x0, 0xe0, 0x5,
    0xf3, 0x0, 0xd7, 0x8a, 0x34, 0x1, 0x12, 0x50,
    0x4b, 0x0, 0x54, 0xc, 0xc, 0xc, 0x0, 0x66,
    0x0, 0x5, 0x68, 0x14, 0x6c, 0x2, 0x93, 0x34,
    0x99, 0x0, 0x46, 0x5e, 0x72, 0x1, 0xd6, 0x62,
    0xa0, 0x1c, 0xe0, 0xc0, 0x1e, 0x70, 0xa0, 0xc,
    0x49, 0x8, 0x40, 0x1a, 0x6c, 0xa8, 0x3, 0x0,

    /* U+0178 "Ÿ" */
    0x0, 0x92, 0x44, 0xe4, 0x80, 0x38, 0x98, 0xd9,
    0x82, 0x1, 0xcd, 0xe4, 0xbe, 0x60, 0x15, 0xf0,
    0x80, 0x63, 0xf7, 0xa, 0x1b, 0x0, 0xdc, 0x6e,
    0x3, 0x2a, 0x80, 0x8, 0x2f, 0x0, 0x99, 0x28,
    0x49, 0xdc, 0x60, 0x1a, 0x46, 0xf8, 0xa0, 0x3,
    0x8a, 0x54, 0xf8, 0x3, 0xe6, 0x14, 0x30, 0xf,
    0xff, 0x70,

    /* U+0179 "Ź" */
    0x0, 0xec, 0x90, 0xf, 0xd0, 0xf2, 0x1, 0xfa,
    0x2c, 0x3, 0x87, 0xff, 0xf8, 0x45, 0x55, 0xe8,
    0x3, 0x10, 0x55, 0xf5, 0x8f, 0x0, 0x7d, 0x27,
    0x44, 0x1, 0xe6, 0x64, 0x20, 0x7, 0x8e, 0x51,
    0xc0, 0x3c, 0x3c, 0x54, 0x1, 0xf5, 0x17, 0x8,
    0x7, 0x9d, 0x24, 0xc0, 0x3c, 0x90, 0xcc, 0x0,
    0xf0, 0xd0, 0x62, 0xaf, 0x85, 0x44, 0x2a, 0xbe,
    0x50,

    /* U+017A "ź" */
    0x0, 0xeb, 0xb0, 0x7, 0x3b, 0x58, 0x6, 0x39,
    0xc0, 0xe, 0x3e, 0x10, 0x0, 0xff, 0xfa, 0xc7,
    0x77, 0x48, 0x18, 0x11, 0x47, 0x9, 0x0, 0x1b,
    0x4e, 0x80, 0x35, 0x17, 0x88, 0x5, 0xb, 0x44,
    0x1, 0x2b, 0xca, 0x0, 0x45, 0x48, 0x82, 0x28,
    0x5c, 0x13, 0x77, 0x50,

    /* U+017B "Ż" */
    0x0, 0xc7, 0x24, 0x1, 0xf9, 0x9a, 0x0, 0xfc,
    0xbe, 0x80, 0x18, 0x7f, 0xff, 0x84, 0x55, 0x5e,
    0x80, 0x31, 0x5, 0x5f, 0x58, 0xf0, 0x7, 0xd2,
    0x74, 0x40, 0x1e, 0x66, 0x42, 0x0, 0x78, 0xe5,
    0x1c, 0x3, 0xc3, 0xc5, 0x40, 0x1f, 0x51, 0x70,
    0x80, 0x79, 0xd2, 0x4c, 0x3, 0xc9, 0xc, 0xc0,
    0xf, 0xd, 0x6, 0x2a, 0xf8, 0x54, 0x42, 0xab,
    0xe5,

    /* U+017C "ż" */
    0x0, 0xa3, 0x80, 0x3d, 0xea, 0x1, 0xe7, 0xb0,
    0x8, 0x7f, 0xfd, 0x63, 0xbb, 0xa4, 0xc, 0x8,
    0xa3, 0x84, 0x80, 0xd, 0xa7, 0x40, 0x1a, 0x8b,
    0xc4, 0x2, 0x85, 0xa2, 0x0, 0x95, 0xe5, 0x0,
    0x22, 0xa4, 0x41, 0x14, 0x2e, 0x9, 0xbb, 0xa8,

    /* U+017D "Ž" */
    0x0, 0x9e, 0x82, 0x9c, 0x3, 0xce, 0x1c, 0xe,
    0x1, 0xf5, 0x75, 0x0, 0x61, 0xff, 0xfe, 0x11,
    0x55, 0x7a, 0x0, 0xc4, 0x15, 0x7d, 0x63, 0xc0,
    0x1f, 0x49, 0xd1, 0x0, 0x79, 0x99, 0x8, 0x1,
    0xe3, 0x94, 0x70, 0xf, 0xf, 0x15, 0x0, 0x7d,
    0x45, 0xc2, 0x1, 0xe7, 0x49, 0x30, 0xf, 0x24,
    0x33, 0x0, 0x3c, 0x34, 0x18, 0xab, 0xe1, 0x51,
    0xa, 0xaf, 0x94,

    /* U+017E "ž" */
    0x1, 0xe3, 0xb, 0x60, 0x0, 0xdf, 0x38, 0x30,
    0x4, 0xaf, 0x12, 0x1, 0xd5, 0xe4, 0x0, 0x1f,
    0xff, 0x58, 0xee, 0xe9, 0x3, 0x2, 0x28, 0xe1,
    0x20, 0x3, 0x69, 0xd0, 0x6, 0xa2, 0xf1, 0x0,
    0xa1, 0x68, 0x80, 0x25, 0x79, 0x40, 0x8, 0xa9,
    0x10, 0x45, 0xb, 0x82, 0x6e, 0xea,

    /* U+017F "ſ" */
    0x0, 0x2e, 0xff, 0x80, 0x69, 0x33, 0x0, 0x41,
    0x46, 0x6a, 0xc0, 0xd, 0x74, 0x1, 0x84, 0x40,
    0x1f, 0xfd, 0xc0,

    /* U+0180 "ƀ" */
    0x8, 0xe0, 0xf, 0xad, 0xc7, 0xfc, 0xc0, 0x1a,
    0xdc, 0x7f, 0xcc, 0x1, 0xf1, 0xe7, 0xf3, 0x80,
    0x61, 0xda, 0xb7, 0x86, 0x0, 0xd6, 0xc9, 0x2b,
    0x0, 0x19, 0x40, 0x2f, 0x12, 0x0, 0x8, 0x6,
    0x60, 0x10, 0x0, 0x80, 0x66, 0x1, 0x0, 0x94,
    0x2, 0xf1, 0x20, 0xa, 0xd9, 0x25, 0x60, 0x2,
    0x1d, 0xab, 0x78, 0x60,

    /* U+0181 "Ɓ" */
    0x1a, 0xef, 0xfe, 0xd8, 0x10, 0x84, 0x83, 0xb,
    0xb5, 0x2b, 0xd0, 0x2c, 0xb3, 0x1, 0x10, 0xb0,
    0xc8, 0x10, 0xa0, 0x1f, 0x8, 0xa, 0x10, 0x7,
    0xa, 0x32, 0x8, 0x7, 0x7f, 0xba, 0xca, 0x80,
    0x3d, 0x98, 0xb9, 0x2d, 0x0, 0xf1, 0x99, 0x1b,
    0x4d, 0x80, 0x3f, 0x88, 0x3c, 0x3, 0xf9, 0x40,
    0x40, 0x39, 0x10, 0xaf, 0x41, 0x40, 0x1d, 0x76,
    0xa9, 0x4d, 0x20,

    /* U+0182 "Ƃ" */
    0x6f, 0xff, 0x80, 0x29, 0xbb, 0xe0, 0x9, 0x13,
    0xc0, 0x1f, 0xfc, 0x1, 0x0, 0xfd, 0x9f, 0xf6,
    0x20, 0x5, 0x59, 0x8a, 0xb, 0x50, 0x3, 0x99,
    0x97, 0x43, 0x80, 0x3c, 0x24, 0xc0, 0x1e, 0x12,
    0x60, 0x2, 0x24, 0xd8, 0x1c, 0x0, 0x9b, 0xb4,
    0x8d, 0x28,

    /* U+0183 "ƃ" */
    0x8f, 0xff, 0x8, 0x0, 0x6a, 0xb8, 0x40, 0x25,
    0x5e, 0x0, 0xc7, 0x9f, 0xce, 0x1, 0xe, 0xd5,
    0xbc, 0x30, 0x5, 0x6c, 0x92, 0xb0, 0x1, 0x28,
    0x5, 0xe2, 0x40, 0x20, 0x19, 0x80, 0x40, 0x40,
    0x33, 0x0, 0x80, 0x14, 0x2, 0xf1, 0x20, 0x5,
    0xb2, 0x4a, 0xc0, 0x0, 0x76, 0xad, 0xe1, 0x80,

    /* U+0184 "Ƅ" */
    0x1, 0xd2, 0x0, 0xfa, 0x88, 0x3, 0xe7, 0x40,
    0xf, 0xc8, 0xe0, 0x1f, 0x8f, 0x80, 0x40, 0x3f,
    0xb3, 0xfe, 0xc4, 0x0, 0xd5, 0x98, 0xa0, 0xb5,
    0x0, 0x9c, 0xcc, 0xba, 0x1c, 0x1, 0xf0, 0x93,
    0x0, 0x7c, 0x24, 0xc0, 0x12, 0x24, 0xd8, 0x1e,
    0x1, 0x4d, 0xda, 0x1a, 0xd0,

    /* U+0185 "ƅ" */
    0x1, 0xd0, 0xf, 0xd4, 0x60, 0x1f, 0x32, 0x0,
    0x7e, 0x34, 0x3, 0xcf, 0xe7, 0x0, 0x29, 0x8e,
    0xd5, 0xbc, 0x30, 0x6, 0xb6, 0x49, 0x58, 0x0,
    0xca, 0x1, 0x78, 0x90, 0x0, 0x40, 0x33, 0x0,
    0x80, 0x4, 0x3, 0x30, 0x8, 0x4, 0xa0, 0x17,
    0x89, 0x0, 0x56, 0xc9, 0x2b, 0x0, 0x10, 0xed,
    0x5b, 0xc3, 0x0,

    /* U+0186 "Ɔ" */
    0x3, 0xae, 0xfe, 0xb5, 0x0, 0x87, 0x6, 0x2a,
    0x2, 0xa4, 0x2, 0xab, 0x65, 0x6b, 0x86, 0x60,
    0xa, 0x80, 0x73, 0x94, 0x0, 0x7f, 0x28, 0x90,
    0x7, 0xee, 0x6, 0x0, 0xff, 0xe3, 0xf0, 0x30,
    0x7, 0xe5, 0x12, 0x14, 0x0, 0xe7, 0x28, 0x0,
    0x5d, 0x99, 0x5a, 0xe1, 0x98, 0x3, 0x83, 0x15,
    0x1, 0x52, 0x0,

    /* U+0187 "Ƈ" */
    0x0, 0xff, 0xe5, 0xd, 0xfd, 0x80, 0x7f, 0x6a,
    0xcc, 0x80, 0x3f, 0x9, 0xb3, 0x8, 0x2, 0x3a,
    0xef, 0xed, 0xd, 0x0, 0xcd, 0x8f, 0x35, 0xc,
    0x1, 0xc7, 0x2b, 0xae, 0xad, 0x5a, 0xc0, 0x14,
    0x85, 0x80, 0x71, 0x18, 0x4, 0xa8, 0x20, 0x1f,
    0xf1, 0x0, 0x7f, 0xf3, 0x48, 0x3, 0xfe, 0x54,
    0x10, 0xf, 0xf4, 0x85, 0x80, 0x71, 0x18, 0x4,
    0x72, 0xba, 0xea, 0xd5, 0xae, 0x1, 0x9b, 0x1e,
    0x6a, 0x6, 0x90, 0x0,

    /* U+0188 "ƈ" */
    0x0, 0xfa, 0x7a, 0x40, 0x3c, 0xad, 0x16, 0x1,
    0xed, 0x26, 0x20, 0x1, 0x57, 0x7b, 0x80, 0x63,
    0xd7, 0xbb, 0x4a, 0x0, 0x50, 0x3a, 0xa8, 0xd2,
    0x1, 0x23, 0x0, 0x7c, 0x21, 0xe0, 0x1f, 0x8,
    0x78, 0x7, 0xe4, 0x60, 0xf, 0xd0, 0x3a, 0xc8,
    0xd2, 0x1, 0x1e, 0x34, 0xdd, 0xb8, 0x0,

    /* U+0189 "Ɖ" */
    0x5, 0xff, 0xdd, 0x6a, 0x1, 0xe8, 0xba, 0x80,
    0xac, 0x0, 0xe4, 0x42, 0xb5, 0xd1, 0xd0, 0x7,
    0xf2, 0xac, 0x20, 0x1f, 0xde, 0x9, 0xd4, 0x19,
    0xfa, 0x1, 0x30, 0x1e, 0x40, 0x56, 0xf8, 0x7,
    0x88, 0x80, 0xc4, 0x40, 0x9, 0x80, 0xc0, 0x3f,
    0xbc, 0x10, 0x3, 0xf2, 0xac, 0x20, 0x12, 0x21,
    0x5a, 0xe8, 0xe8, 0x3, 0x45, 0xd4, 0x5, 0x60,
    0x0,

    /* U+018A "Ɗ" */
    0x1a, 0xef, 0xfe, 0xd9, 0x30, 0xa, 0x12, 0xc,
    0x2e, 0xd5, 0x44, 0xc8, 0x0, 0x2c, 0xb3, 0x1,
    0x10, 0xaf, 0xac, 0xea, 0x10, 0xa0, 0x1f, 0xa4,
    0x64, 0x10, 0x80, 0x3f, 0x90, 0xc0, 0x3f, 0xf8,
    0x4, 0x2, 0x1, 0xff, 0xcd, 0x20, 0x10, 0xf,
    0xf9, 0xc, 0x3, 0xfe, 0x91, 0x90, 0xf, 0x22,
    0x15, 0xf5, 0x9d, 0x40, 0x3d, 0x76, 0xaa, 0x26,
    0x40, 0x0,

    /* U+018B "Ƌ" */
    0x0, 0x67, 0xff, 0x68, 0x3, 0xee, 0xf1, 0x0,
    0x46, 0x89, 0x98, 0x3, 0xff, 0x90, 0x33, 0xdf,
    0xf2, 0x0, 0x31, 0xa6, 0xf3, 0x6, 0x8, 0x50,
    0xe8, 0x66, 0x70, 0x20, 0x30, 0xf, 0x10, 0x18,
    0x7, 0x90, 0xa2, 0xa, 0x88, 0x60, 0x6, 0x32,
    0xd5, 0xd8, 0x80,

    /* U+018C "ƌ" */
    0x0, 0x77, 0xff, 0x58, 0x2, 0xab, 0x88, 0x2,
    0x45, 0x5c, 0xc0, 0x12, 0xef, 0xea, 0x80, 0x49,
    0x4d, 0x71, 0x6a, 0x0, 0x82, 0xb4, 0x5d, 0x10,
    0x1, 0xa8, 0x4, 0x64, 0x2, 0x1c, 0x1, 0x84,
    0x4, 0x4, 0x3, 0x8, 0x0, 0xf0, 0x2, 0x22,
    0x0, 0x21, 0x1c, 0xb, 0x80, 0x24, 0xaa, 0x7f,
    0xa9, 0x0,

    /* U+018D "ƍ" */
    0x0, 0x26, 0x7f, 0xac, 0x80, 0x9, 0x6f, 0x74,
    0xd8, 0x21, 0x5, 0x68, 0xb8, 0x30, 0x6, 0xa0,
    0x10, 0xa2, 0x4, 0x3c, 0x3, 0x9, 0x88, 0x78,
    0x6, 0x12, 0x4, 0x61, 0x0, 0xa, 0x50, 0x48,
    0x7b, 0xa5, 0x2b, 0x1, 0x7c, 0xdd, 0x93, 0xc0,
    0x21, 0x7c, 0xe5, 0xa0, 0xa, 0x10, 0xd5, 0x84,
    0x2, 0x2a, 0xca, 0x7d, 0x0,

    /* U+018E "Ǝ" */
    0xdf, 0xff, 0x44, 0xd5, 0x70, 0x1, 0x15, 0x78,
    0x3, 0xfe, 0x11, 0xe0, 0x4, 0xf7, 0x70, 0x2,
    0xef, 0xc0, 0x2, 0x44, 0xe0, 0xf, 0xfe, 0x32,
    0xaf, 0x80, 0x15, 0x5e, 0x0, 0x0,

    /* U+018F "Ə" */
    0x0, 0x1d, 0x6f, 0xfb, 0x1c, 0x3, 0x16, 0x35,
    0x52, 0x56, 0x34, 0x80, 0x2a, 0xc7, 0x56, 0x9c,
    0x2e, 0x0, 0x12, 0x80, 0x71, 0xc1, 0xa0, 0x7,
    0xf2, 0x86, 0x0, 0x7f, 0x10, 0x10, 0x7f, 0xff,
    0x0, 0x42, 0x79, 0x9e, 0xa0, 0x20, 0x43, 0x3f,
    0xc1, 0x81, 0x21, 0x40, 0x18, 0x60, 0x90, 0xe,
    0x17, 0x19, 0x5f, 0xc3, 0xc0, 0x27, 0xb7, 0x8a,
    0xa3, 0xf9, 0x0,

    /* U+0190 "Ɛ" */
    0x2, 0x9e, 0xfe, 0xb5, 0x1c, 0x76, 0xa8, 0x2d,
    0x71, 0xa8, 0x56, 0x98, 0x30, 0x70, 0xe, 0x52,
    0x83, 0x0, 0xec, 0x6c, 0xff, 0x0, 0x7, 0x2,
    0x6f, 0x0, 0x12, 0x58, 0xc8, 0x60, 0x3, 0x11,
    0x0, 0x71, 0x89, 0x80, 0x74, 0x8e, 0xc3, 0x32,
    0x34, 0x7d, 0xd6, 0x64, 0x8a,

    /* U+0191 "Ƒ" */
    0x0, 0x37, 0xff, 0x90, 0x3, 0x4d, 0x56, 0x50,
    0xc, 0x8a, 0xb8, 0x40, 0x3f, 0xf8, 0x42, 0x38,
    0x3, 0xd9, 0xdd, 0x60, 0x7, 0x55, 0xdd, 0xe0,
    0x1c, 0xe8, 0x91, 0x80, 0x7f, 0xf5, 0x44, 0x3,
    0xfb, 0x40, 0x80, 0x39, 0x21, 0x54, 0x1, 0xe9,
    0x66, 0x50, 0x7, 0x80,

    /* U+0192 "ƒ" */
    0x0, 0xcb, 0xbf, 0xe0, 0x8, 0x69, 0x33, 0x0,
    0x11, 0x5, 0x19, 0x80, 0x15, 0x81, 0x9f, 0x20,
    0xb, 0xa0, 0xbd, 0x80, 0x0, 0x88, 0x1c, 0x84,
    0x3, 0xff, 0xd2, 0x20, 0x11, 0x9b, 0x84, 0x80,
    0x2c, 0xc3, 0xd0, 0x4,

    /* U+0193 "Ɠ" */
    0x0, 0xff, 0xe6, 0x37, 0x79, 0x80, 0x7f, 0x24,
    0xa5, 0x98, 0x7, 0xf7, 0x5, 0x20, 0x6, 0x3a,
    0xef, 0xec, 0x42, 0x0, 0xe6, 0xc7, 0x9a, 0xb5,
    0x1, 0x0, 0xc7, 0x2b, 0xae, 0xaa, 0x9f, 0xb0,
    0xd, 0x1, 0x60, 0x1c, 0x2e, 0x1, 0x91, 0x2,
    0x1, 0xff, 0xc0, 0x20, 0xf, 0xf8, 0x40, 0x3d,
    0xff, 0x84, 0x0, 0x20, 0x40, 0x1b, 0x30, 0xc0,
    0x1c, 0x88, 0x10, 0x8, 0xcd, 0xc0, 0x1d, 0x1,
    0x60, 0x1f, 0xf1, 0xca, 0xeb, 0xaa, 0xa2, 0x80,
    0x3c, 0xd8, 0xf3, 0x54, 0x4a, 0xe1, 0x0, 0x0,

    /* U+0194 "Ɣ" */
    0xaf, 0x10, 0xe, 0x1f, 0xa8, 0x8, 0x0, 0xeb,
    0x8, 0x26, 0x61, 0x0, 0x44, 0xae, 0x41, 0x1,
    0x20, 0x14, 0x84, 0x80, 0x6, 0x11, 0x0, 0x88,
    0x81, 0x0, 0x9c, 0x60, 0x20, 0x5c, 0x3, 0xa0,
    0xec, 0xe0, 0x3, 0xcc, 0x48, 0x4c, 0x1, 0xf2,
    0x82, 0x80, 0x7e, 0x60, 0x60, 0xf, 0x98, 0x58,
    0x58, 0x3, 0xd4, 0x52, 0x54, 0x1, 0xe3, 0x40,
    0x43, 0x0, 0xf0, 0xa3, 0x20, 0x80, 0x7a, 0x82,
    0x46, 0x80, 0x20,

    /* U+0195 "ƕ" */
    0x8e, 0x0, 0xff, 0xef, 0x15, 0xfe, 0xb0, 0x5,
    0x2a, 0x1, 0xf, 0xe5, 0xa4, 0xa0, 0x0, 0x6a,
    0x40, 0x29, 0x74, 0x92, 0xe0, 0x4, 0x41, 0x88,
    0x0, 0x80, 0x13, 0xb0, 0x4, 0xc0, 0xa0, 0x20,
    0x1f, 0xc2, 0x1e, 0x1, 0xff, 0xc8, 0x31, 0x0,
    0x90, 0x30, 0x3, 0xd8, 0x4c, 0x6d, 0x48, 0x80,
    0xf, 0x2b, 0x46, 0x43, 0x58, 0x0,

    /* U+0196 "Ɩ" */
    0x6f, 0x20, 0xf, 0xfe, 0xd8, 0x80, 0x8, 0x18,
    0x0, 0x83, 0x6c, 0x41, 0x8b, 0x14,

    /* U+0197 "Ɨ" */
    0x6, 0xf2, 0x0, 0xff, 0xe5, 0x8, 0x8, 0x74,
    0x6, 0x56, 0xb0, 0x54, 0x1f, 0x83, 0x90, 0x7,
    0xff, 0xc,

    /* U+0198 "Ƙ" */
    0x6f, 0x20, 0x8, 0x6f, 0xf0, 0x80, 0x38, 0x71,
    0xf5, 0xe4, 0x3, 0x17, 0xb6, 0x16, 0xa8, 0x4,
    0x78, 0xb6, 0x0, 0x7c, 0x0, 0x26, 0x2d, 0x80,
    0x42, 0x40, 0x9, 0x2b, 0x0, 0xfc, 0x85, 0x0,
    0x1f, 0xa5, 0x9d, 0xc0, 0x1f, 0xa5, 0xa1, 0xc0,
    0x3f, 0x4a, 0xc3, 0x0, 0x7e, 0xa5, 0x96, 0x0,
    0xfd, 0x49, 0x2a, 0x0,

    /* U+0199 "ƙ" */
    0x8, 0xef, 0xa0, 0xc, 0x8f, 0x39, 0x0, 0x18,
    0xc1, 0xcc, 0x80, 0x37, 0x88, 0x4, 0xde, 0xe0,
    0x1c, 0xf3, 0x27, 0x0, 0xd3, 0x16, 0xc0, 0x1a,
    0x9f, 0x10, 0x3, 0xa, 0xa8, 0xc0, 0x38, 0x71,
    0x28, 0x3, 0xc7, 0x8b, 0x40, 0x1e, 0x3c, 0x5a,
    0x0, 0xf1, 0xe2, 0xd8, 0x0,

    /* U+019A "ƚ" */
    0x7, 0xf0, 0xf, 0xfe, 0x57, 0x40, 0x7a, 0xe3,
    0x6, 0xa9, 0x70, 0x10, 0x7, 0xff, 0x24,

    /* U+019B "ƛ" */
    0x0, 0xba, 0x89, 0xd0, 0x2, 0x22, 0x2c, 0x92,
    0x80, 0x26, 0x56, 0x1a, 0xa2, 0x0, 0x9b, 0x73,
    0xa0, 0xf, 0x9, 0x98, 0x80, 0x3a, 0x40, 0x14,
    0x1, 0xcc, 0xc5, 0x60, 0xc, 0xe3, 0x7c, 0x28,
    0x1, 0x4a, 0x92, 0x17, 0x0, 0x14, 0x60, 0x1,
    0x4a, 0x21, 0x8, 0x40, 0x6, 0x7, 0x42, 0x80,
    0x8, 0x52, 0x80,

    /* U+019C "Ɯ" */
    0x9f, 0x0, 0xdf, 0x40, 0x12, 0x7a, 0x80, 0x7f,
    0xff, 0xc0, 0x3f, 0xfa, 0xc2, 0x0, 0xe0, 0x10,
    0x2, 0x83, 0x80, 0x5e, 0x0, 0x50, 0xa5, 0x7b,
    0x62, 0x95, 0xa7, 0x0, 0x15, 0x35, 0x66, 0x25,
    0x99, 0x67, 0x0, 0x0,

    /* U+019D "Ɲ" */
    0x0, 0x37, 0xf0, 0x6, 0x2f, 0x60, 0xc, 0x2e,
    0x1, 0xfe, 0x49, 0x0, 0xff, 0x40, 0xc0, 0x7,
    0xf1, 0x33, 0x88, 0x7, 0xf4, 0x4, 0x80, 0x7f,
    0xb, 0xb8, 0x40, 0x3f, 0xa4, 0x20, 0x3, 0xf8,
    0x5d, 0x84, 0x3, 0xfa, 0x42, 0x0, 0x3f, 0x86,
    0x10, 0x3, 0x8, 0x7, 0x38, 0x80, 0x6d, 0x1,
    0x0, 0xdd, 0xec, 0x90, 0xac, 0x1, 0xfa, 0x59,
    0x92, 0x1, 0xf8,

    /* U+019E "ƞ" */
    0x8e, 0x3c, 0xfd, 0x70, 0x0, 0xfc, 0x75, 0xc2,
    0x80, 0x3d, 0x5, 0x8f, 0xc0, 0x6, 0x1, 0x33,
    0x0, 0x40, 0x3f, 0xfb, 0x51, 0xc0, 0x1f, 0xfc,
    0xa0,

    /* U+019F "Ɵ" */
    0x0, 0x92, 0xfb, 0xf6, 0x4, 0x3, 0x3d, 0xbc,
    0x52, 0xb7, 0x90, 0x0, 0xe1, 0x71, 0x96, 0x30,
    0x7c, 0x1, 0x21, 0x60, 0x18, 0xa4, 0x90, 0x14,
    0xc0, 0x47, 0x90, 0x30, 0x0, 0x7d, 0xde, 0xd0,
    0x21, 0x4, 0xbb, 0xf8, 0x0, 0x20, 0xe8, 0x9e,
    0x60, 0x20, 0x43, 0x10, 0xe, 0x50, 0xc0, 0x80,
    0xb0, 0xc, 0x50, 0x48, 0x7, 0xb, 0x8c, 0xaf,
    0x83, 0xe0, 0x13, 0xdb, 0xc5, 0x51, 0xfc, 0x80,

    /* U+01A0 "Ơ" */
    0x0, 0x92, 0xfb, 0xf6, 0x4, 0x34, 0x80, 0x11,
    0x61, 0x14, 0xaf, 0xde, 0x66, 0x5, 0x76, 0xb6,
    0x58, 0xc0, 0x3e, 0x10, 0x91, 0x90, 0xc, 0x6c,
    0x66, 0x0, 0x1a, 0x0, 0x7b, 0x41, 0x0, 0x83,
    0x40, 0x3c, 0xc1, 0xc0, 0x1f, 0xfc, 0x22, 0xd,
    0x0, 0xf3, 0x7, 0x0, 0xd, 0x0, 0x3d, 0xa0,
    0x80, 0x9, 0x19, 0x0, 0xc6, 0xc8, 0x60, 0x5,
    0x76, 0xb6, 0x58, 0xc2, 0xa0, 0xd, 0x14, 0x13,
    0x4a, 0xf8, 0x20, 0x0,

    /* U+01A1 "ơ" */
    0x0, 0xfc, 0xd2, 0x0, 0x4c, 0xff, 0x90, 0x40,
    0x7, 0x61, 0x54, 0xb, 0x8c, 0xf, 0x1c, 0x55,
    0x70, 0x2a, 0x80, 0xd8, 0x2, 0x14, 0x70, 0x10,
    0xf0, 0xc, 0x46, 0x2, 0x1c, 0x1, 0x88, 0xc0,
    0x8, 0xe0, 0x10, 0xa2, 0x0, 0x10, 0x38, 0xaa,
    0xc0, 0xb0, 0x1, 0xd8, 0x55, 0x1b, 0x48, 0x0,

    /* U+01A2 "Ƣ" */
    0x0, 0x92, 0xfb, 0xff, 0xb0, 0xc0, 0x27, 0xb7,
    0x8a, 0x83, 0x4, 0x2c, 0x20, 0x38, 0x5c, 0x65,
    0x79, 0x8, 0xa0, 0x50, 0x90, 0xb0, 0xf, 0x90,
    0x38, 0x15, 0x4, 0x3, 0xff, 0x80, 0x40, 0x1f,
    0xe3, 0x10, 0xf, 0xfe, 0x8, 0x81, 0x0, 0x7f,
    0xf0, 0x11, 0x2, 0x1, 0xff, 0x40, 0x58, 0x7,
    0xfc, 0x70, 0xb8, 0xcb, 0x16, 0x24, 0x1, 0xcf,
    0x6f, 0x14, 0xad, 0xe2, 0x1, 0x0,

    /* U+01A3 "ƣ" */
    0x0, 0x26, 0x7f, 0xee, 0x90, 0x2, 0x58, 0xbb,
    0x88, 0x59, 0xa0, 0x81, 0xc8, 0x82, 0x1c, 0x16,
    0x1, 0xb0, 0x80, 0x73, 0x8, 0x83, 0xc0, 0x3f,
    0x8, 0x78, 0x7, 0xf1, 0xa8, 0x7, 0xf4, 0x15,
    0xaa, 0x90, 0x3, 0x92, 0xde, 0xa8, 0xde, 0x1,
    0xc9, 0x9f, 0xeb, 0x20, 0xf, 0xfe, 0x68,

    /* U+01A4 "Ƥ" */
    0x9, 0xef, 0xfd, 0xd8, 0x81, 0x2f, 0x6, 0x17,
    0x68, 0x1b, 0x55, 0x4b, 0x30, 0x11, 0xd, 0x81,
    0xd0, 0xa0, 0x1e, 0x12, 0x64, 0x20, 0xf, 0x8c,
    0x40, 0x3e, 0x2a, 0x1b, 0x0, 0xef, 0xf6, 0xab,
    0xb8, 0x3, 0xb3, 0x1b, 0xf0, 0x1, 0xe3, 0x31,
    0x0, 0x7f, 0xf6, 0x0,

    /* U+01A5 "ƥ" */
    0x8, 0xef, 0xf1, 0x0, 0x48, 0xf3, 0x98, 0x20,
    0x8, 0xc1, 0xcc, 0xc0, 0x1b, 0xc4, 0xf3, 0xf9,
    0xc0, 0x21, 0xda, 0xb7, 0x86, 0x0, 0xad, 0x92,
    0x56, 0x0, 0x25, 0x0, 0xbc, 0x48, 0x4, 0x3,
    0x30, 0x8, 0x8, 0x6, 0x60, 0x10, 0x2, 0x80,
    0x5e, 0x24, 0x0, 0xb6, 0x49, 0x58, 0x0, 0xe,
    0xd5, 0xbc, 0x30, 0x4, 0x79, 0xfc, 0xe0, 0x1f,
    0xfc, 0x80,

    /* U+01A6 "Ʀ" */
    0x6f, 0x20, 0xf, 0xe1, 0x10, 0x7, 0xec, 0xef,
    0xe9, 0x0, 0xea, 0xbb, 0x23, 0x48, 0x6, 0x74,
    0x45, 0x1b, 0x0, 0x7e, 0x50, 0x10, 0xf, 0x88,
    0x44, 0x1, 0xe5, 0x48, 0x0, 0xdb, 0xfe, 0xa7,
    0x60, 0xd, 0x7b, 0x8a, 0xea, 0x1, 0x98, 0x8e,
    0x8a, 0xc0, 0x3f, 0x48, 0xb8, 0x37, 0x90, 0x4,
    0x87, 0x20, 0x1f, 0xa0, 0x58,

    /* U+01A7 "Ƨ" */
    0x2, 0xad, 0xff, 0x63, 0x0, 0x48, 0xd5, 0x49,
    0x69, 0x80, 0x3, 0x63, 0xab, 0x52, 0xb8, 0x7,
    0xe2, 0x0, 0xf8, 0x59, 0x84, 0x1, 0x14, 0xef,
    0x49, 0xf8, 0x1, 0x75, 0x98, 0xf9, 0xa4, 0x0,
    0xb1, 0xdb, 0x83, 0x0, 0x84, 0x4e, 0x40, 0x1e,
    0x10, 0x50, 0xe, 0x10, 0x3, 0x9d, 0xb2, 0xb5,
    0x70, 0x84, 0x4b, 0xcd, 0x40, 0xc8, 0x80,

    /* U+01A8 "ƨ" */
    0x7, 0xdf, 0xf6, 0x20, 0x3, 0xef, 0x2d, 0x6c,
    0x82, 0x18, 0xd2, 0x41, 0xc0, 0x21, 0x5b, 0x7,
    0x3, 0xce, 0xa0, 0xb2, 0xc, 0xb, 0xfb, 0x40,
    0x20, 0x94, 0x0, 0xc4, 0x49, 0x53, 0x5a, 0x60,
    0xf6, 0xbc, 0xb1, 0x50,

    /* U+01A9 "Ʃ" */
    0x6f, 0xff, 0x81, 0x40, 0xea, 0xb8, 0xe, 0x4c,
    0xca, 0xb8, 0x0, 0xcf, 0x28, 0x1, 0xe8, 0x5b,
    0x30, 0xf, 0x50, 0xe8, 0x7, 0x94, 0x64, 0x3,
    0x8a, 0x91, 0xc0, 0x3b, 0x86, 0x80, 0x3a, 0xe,
    0x84, 0x3, 0x23, 0x98, 0xaa, 0xe0, 0x20, 0x3a,
    0xae, 0x10,

    /* U+01AA "ƪ" */
    0x8, 0xef, 0xc2, 0x0, 0xce, 0xd6, 0x32, 0x1,
    0x8d, 0xec, 0x93, 0xd4, 0x1, 0x9b, 0x8c, 0x18,
    0x80, 0x11, 0x18, 0x81, 0x88, 0x7, 0xff, 0xe3,
    0xc0, 0x3f, 0x18, 0x31, 0x90, 0x6, 0x47, 0x8c,
    0x90,

    /* U+01AB "ƫ" */
    0x4, 0x70, 0xd, 0x90, 0x1, 0xfd, 0x2e, 0x1f,
    0xee, 0x86, 0xd, 0xd7, 0x88, 0x80, 0x88, 0x20,
    0x1f, 0xfc, 0x7f, 0x0, 0xe2, 0x6, 0x32, 0x5,
    0x78, 0xcc, 0x0, 0x23, 0x98, 0xc0, 0x2, 0x8e,
    0xe0, 0x2, 0x5a, 0xd8,

    /* U+01AC "Ƭ" */
    0x9, 0xef, 0xff, 0x6c, 0x3c, 0xd0, 0x9d, 0x55,
    0x29, 0x2e, 0xa0, 0xea, 0xb2, 0x42, 0x80, 0x7e,
    0x42, 0x0, 0xff, 0xff, 0x80, 0x40,

    /* U+01AD "ƭ" */
    0x0, 0x4f, 0x7d, 0x82, 0xb4, 0x64, 0x81, 0x3,
    0x19, 0x4c, 0x7, 0xfb, 0xa1, 0x83, 0x75, 0xe2,
    0x20, 0x22, 0x8, 0x7, 0xff, 0x1f, 0xc0, 0x38,
    0x81, 0x8c, 0x81, 0x5a, 0x33, 0x0,

    /* U+01AE "Ʈ" */
    0xf, 0xff, 0xed, 0xa, 0xac, 0x27, 0x55, 0x48,
    0x2a, 0xe0, 0x75, 0x59, 0x0, 0x3f, 0xff, 0xe0,
    0x1f, 0xfd, 0x12, 0x50, 0xf, 0xea, 0x1a, 0x50,
    0xf, 0x9a, 0x1e, 0x84, 0x0,

    /* U+01AF "Ư" */
    0xaf, 0x0, 0xe4, 0xf4, 0x5a, 0x0, 0xfe, 0xc0,
    0x10, 0xf, 0xe7, 0xad, 0x0, 0xfe, 0xbe, 0x60,
    0xf, 0xf0, 0x80, 0x7f, 0xf5, 0x4, 0x3, 0x10,
    0x8, 0x6, 0x30, 0x60, 0x6, 0x3, 0x80, 0x6a,
    0x12, 0x0, 0x22, 0x26, 0x4a, 0xd8, 0x70, 0x1,
    0xad, 0xd2, 0xa4, 0x29, 0x80, 0x20,

    /* U+01B0 "ư" */
    0x0, 0xfc, 0x79, 0x5a, 0x1, 0xbf, 0xce, 0x1,
    0xf1, 0x5, 0xa0, 0x7, 0x99, 0x3a, 0x0, 0x3f,
    0x8, 0x7, 0xfc, 0x60, 0x1c, 0xe0, 0x17, 0x10,
    0x4, 0x26, 0x1, 0x28, 0x40, 0x95, 0x0, 0x62,
    0xa5, 0xef, 0xe4, 0x0, 0x80,

    /* U+1EA0 "Ạ" */
    0x0, 0xd3, 0xf0, 0x1, 0xf9, 0x81, 0x80, 0x3e,
    0x50, 0x41, 0x40, 0xf, 0x70, 0xd0, 0x70, 0x7,
    0xa, 0x38, 0xaa, 0x84, 0x3, 0x30, 0x50, 0x70,
    0x38, 0x6, 0xa2, 0x30, 0x41, 0xa0, 0x8, 0xc9,
    0x44, 0x67, 0x32, 0x0, 0x50, 0x3f, 0x74, 0xc1,
    0x40, 0x7, 0x3b, 0xbe, 0x36, 0x5, 0x19, 0x44,
    0xea, 0x14, 0xe0, 0x50, 0xe, 0x60, 0xeb, 0xf0,
    0xf, 0xbe, 0x80, 0x31, 0xe8, 0x80, 0x7e, 0x72,
    0x30, 0xc,

    /* U+1EA1 "ạ" */
    0x2, 0xae, 0xfd, 0x90, 0x9, 0x8a, 0xf2, 0xd3,
    0x0, 0x9, 0xa, 0x6d, 0xc6, 0x40, 0x7, 0xce,
    0xfc, 0x7, 0x8, 0x85, 0x6e, 0xb0, 0x2, 0x67,
    0x63, 0x20, 0xc, 0x3e, 0x1, 0x58, 0x4, 0x94,
    0x40, 0xcc, 0x0, 0xa9, 0xf3, 0xf7, 0x40, 0x10,
    0xd7, 0x7d, 0x9f, 0xa8, 0x4, 0xd8, 0x1, 0xf0,
    0x98, 0x6,

    /* U+1EA2 "Ả" */
    0x0, 0xd3, 0x54, 0x10, 0xf, 0xa6, 0x99, 0x40,
    0x3f, 0x5c, 0xa0, 0x7, 0xeb, 0x50, 0xf, 0xd3,
    0xf0, 0x1, 0xf9, 0x81, 0x80, 0x3e, 0x50, 0x41,
    0x40, 0xf, 0x70, 0xd0, 0x70, 0x7, 0xa, 0x38,
    0xaa, 0x84, 0x3, 0x30, 0x50, 0x70, 0x38, 0x6,
    0xa2, 0x30, 0x41, 0xa0, 0x8, 0xc9, 0x44, 0x67,
    0x32, 0x0, 0x50, 0x3f, 0x74, 0xc1, 0x40, 0x7,
    0x3b, 0xbe, 0x36, 0x5, 0x19, 0x44, 0xea, 0x14,
    0xe0, 0x50, 0xe, 0x60, 0xe0,

    /* U+1EA3 "ả" */
    0x0, 0xa2, 0xa8, 0x40, 0x1d, 0x14, 0x6a, 0x1,
    0xe8, 0x7, 0x0, 0xf4, 0xc8, 0x3, 0x15, 0x77,
    0x36, 0x40, 0x26, 0x2b, 0xcb, 0x4c, 0x0, 0x24,
    0x29, 0xb7, 0x19, 0x0, 0x1f, 0x3b, 0xf0, 0x1c,
    0x22, 0x15, 0xba, 0xc0, 0x9, 0x9d, 0x8c, 0x80,
    0x30, 0xf8, 0x5, 0x60, 0x12, 0x51, 0x3, 0x30,
    0x2, 0xa7, 0xcf, 0xdd, 0x0, 0x0,

    /* U+1EA4 "Ấ" */
    0x0, 0xfc, 0x6e, 0x1, 0xf8, 0x74, 0xc0, 0x3a,
    0xba, 0x56, 0xd0, 0x3, 0x38, 0x71, 0x1a, 0x80,
    0x73, 0xd0, 0x5b, 0x80, 0x7d, 0x3f, 0x0, 0x1f,
    0x98, 0x18, 0x3, 0xe5, 0x4, 0x14, 0x0, 0xf7,
    0xd, 0x7, 0x0, 0x70, 0xa3, 0x8a, 0xa8, 0x40,
    0x33, 0x5, 0x7, 0x3, 0x80, 0x6a, 0x23, 0x4,
    0x1a, 0x0, 0x8c, 0x94, 0x46, 0x73, 0x20, 0x5,
    0x3, 0xf7, 0x4c, 0x14, 0x0, 0x73, 0xbb, 0xe3,
    0x60, 0x51, 0x94, 0x4e, 0xa1, 0x4e, 0x5, 0x0,
    0xe6, 0xe,

    /* U+1EA5 "ấ" */
    0x0, 0xf8, 0x9c, 0x40, 0x3e, 0xf0, 0x10, 0x9,
    0xfb, 0xe, 0xdc, 0x2, 0x4a, 0xf5, 0xa6, 0x0,
    0xcb, 0xa3, 0x30, 0x1, 0x8a, 0xfb, 0xf6, 0x0,
    0x33, 0x15, 0xe5, 0xa6, 0x0, 0x49, 0xa, 0x6d,
    0xc6, 0x40, 0x13, 0xe7, 0x7e, 0x3, 0x80, 0x22,
    0x15, 0xba, 0xc0, 0xc, 0xce, 0xc6, 0x40, 0x1c,
    0x3e, 0x1, 0x58, 0x6, 0x4a, 0x20, 0x66, 0x0,
    0x6a, 0x7c, 0xfd, 0xd0, 0x4,

    /* U+1EA6 "Ầ" */
    0x0, 0xf4, 0xb0, 0x7, 0xe1, 0xb8, 0x30, 0xf,
    0x5e, 0x46, 0xb8, 0x7, 0x40, 0xe8, 0x22, 0x0,
    0x3a, 0x28, 0x29, 0xc0, 0x3e, 0x9f, 0x80, 0xf,
    0xcc, 0xc, 0x1, 0xf2, 0x82, 0xa, 0x0, 0x7b,
    0x86, 0x83, 0x80, 0x38, 0x51, 0xc5, 0x54, 0x20,
    0x19, 0x82, 0x83, 0x81, 0xc0, 0x35, 0x11, 0x82,
    0xd, 0x0, 0x46, 0x4a, 0x23, 0x39, 0x90, 0x2,
    0x81, 0xfb, 0xa6, 0xa, 0x0, 0x39, 0xdd, 0xf1,
    0xb0, 0x28, 0xca, 0x27, 0x50, 0xa7, 0x2, 0x80,
    0x73, 0x7, 0x0,

    /* U+1EA7 "ầ" */
    0x0, 0xe7, 0x80, 0xf, 0x99, 0x8a, 0x1, 0xa3,
    0xab, 0x0, 0x32, 0xa7, 0x1d, 0xa8, 0x4, 0xb8,
    0x11, 0x20, 0x11, 0x57, 0x7e, 0xc8, 0x4, 0xc5,
    0x79, 0x69, 0x80, 0x4, 0x85, 0x36, 0xe3, 0x20,
    0x3, 0xe7, 0x7e, 0x3, 0x84, 0x42, 0xb7, 0x58,
    0x1, 0x33, 0xb1, 0x90, 0x6, 0x1f, 0x0, 0xac,
    0x2, 0x4a, 0x20, 0x66, 0x0, 0x54, 0xf9, 0xfb,
    0xa0, 0x0,

    /* U+1EA8 "Ẩ" */
    0x0, 0xf1, 0xd5, 0x1c, 0x3, 0xe2, 0xa8, 0x90,
    0xe, 0xbd, 0xb1, 0xfc, 0x0, 0xce, 0x5a, 0xd,
    0x84, 0x1, 0x9e, 0x42, 0x9c, 0x40, 0x3d, 0x3f,
    0x0, 0x1f, 0x98, 0x18, 0x3, 0xe5, 0x4, 0x14,
    0x0, 0xf7, 0xd, 0x7, 0x0, 0x70, 0xa3, 0x8a,
    0xa8, 0x40, 0x33, 0x5, 0x7, 0x3, 0x80, 0x6a,
    0x23, 0x4, 0x1a, 0x0, 0x8c, 0x94, 0x46, 0x73,
    0x20, 0x5, 0x3, 0xf7, 0x4c, 0x14, 0x0, 0x73,
    0xbb, 0xe3, 0x60, 0x51, 0x94, 0x4e, 0xa1, 0x4e,
    0x5, 0x0, 0xe6, 0xe,

    /* U+1EA9 "ẩ" */
    0x0, 0xe2, 0x9a, 0x90, 0xf, 0x14, 0xd3, 0x90,
    0x4, 0xfd, 0x81, 0x96, 0x40, 0x4, 0xaf, 0x59,
    0xe5, 0x0, 0x97, 0x46, 0x60, 0x80, 0x22, 0xbe,
    0xfd, 0x80, 0xc, 0xc5, 0x79, 0x69, 0x80, 0x12,
    0x42, 0x9b, 0x71, 0x90, 0x4, 0xf9, 0xdf, 0x80,
    0xe0, 0x8, 0x85, 0x6e, 0xb0, 0x3, 0x33, 0xb1,
    0x90, 0x7, 0xf, 0x80, 0x56, 0x1, 0x92, 0x88,
    0x19, 0x80, 0x1a, 0x9f, 0x3f, 0x74, 0x1, 0x0,

    /* U+1EAA "Ẫ" */
    0x0, 0xa3, 0xa0, 0x78, 0x3, 0xcd, 0xe1, 0xec,
    0x1, 0xee, 0x73, 0x88, 0x0, 0x79, 0xb6, 0xa8,
    0xa0, 0x1e, 0x6b, 0x1c, 0x50, 0xf, 0xa7, 0xe0,
    0x3, 0xf3, 0x3, 0x0, 0x7c, 0xa0, 0x82, 0x80,
    0x1e, 0xe1, 0xa0, 0xe0, 0xe, 0x14, 0x71, 0x55,
    0x8, 0x6, 0x60, 0xa0, 0xe0, 0x70, 0xd, 0x44,
    0x60, 0x83, 0x40, 0x11, 0x92, 0x88, 0xce, 0x64,
    0x0, 0xa0, 0x7e, 0xe9, 0x82, 0x80, 0xe, 0x77,
    0x7c, 0x6c, 0xa, 0x32, 0x89, 0xd4, 0x29, 0xc0,
    0xa0, 0x1c, 0xc1, 0xc0,

    /* U+1EAB "ẫ" */
    0x0, 0x2f, 0x50, 0xe1, 0x0, 0x53, 0xb9, 0xec,
    0x40, 0x16, 0x24, 0x15, 0x0, 0x64, 0xaf, 0x58,
    0x0, 0xcb, 0xa3, 0x32, 0x0, 0x8a, 0xfb, 0xf6,
    0x0, 0x26, 0x2b, 0xcb, 0x4c, 0x0, 0x24, 0x29,
    0xb7, 0x19, 0x0, 0x1f, 0x3b, 0xf0, 0x1c, 0x22,
    0x15, 0xba, 0xc0, 0x9, 0x9d, 0x8c, 0x80, 0x30,
    0xf8, 0x5, 0x60, 0x12, 0x51, 0x3, 0x30, 0x2,
    0xa7, 0xcf, 0xdd, 0x0, 0x0,

    /* U+1EAC "Ậ" */
    0x0, 0xd5, 0xd2, 0x1, 0xf3, 0x87, 0x13, 0x80,
    0x79, 0xe8, 0x2d, 0xc0, 0x3e, 0x9f, 0x80, 0xf,
    0xcc, 0xc, 0x1, 0xf2, 0x82, 0xa, 0x0, 0x7b,
    0x86, 0x83, 0x80, 0x38, 0x51, 0xc5, 0x54, 0x20,
    0x19, 0x82, 0x83, 0x81, 0xc0, 0x35, 0x11, 0x82,
    0xd, 0x0, 0x46, 0x4a, 0x23, 0x39, 0x90, 0x2,
    0x81, 0xfb, 0xa6, 0xa, 0x0, 0x39, 0xdd, 0xf1,
    0xb0, 0x28, 0xca, 0x27, 0x50, 0xa7, 0x2, 0x80,
    0x73, 0x7, 0x5f, 0x80, 0x7d, 0xf4, 0x1, 0x93,
    0x44, 0x3, 0xf0, 0x90, 0x7, 0x0,

    /* U+1EAD "ậ" */
    0x0, 0x93, 0xe0, 0x3, 0xd3, 0x26, 0x30, 0xd,
    0x8, 0xd7, 0xe0, 0x1a, 0x24, 0x17, 0x0, 0x22,
    0xae, 0xfd, 0x90, 0x9, 0x8a, 0xf2, 0xd3, 0x0,
    0x9, 0xa, 0x6d, 0xc6, 0x40, 0x7, 0xce, 0xfc,
    0x7, 0x8, 0x85, 0x6e, 0xb0, 0x2, 0x67, 0x63,
    0x20, 0xc, 0x3e, 0x1, 0x58, 0x4, 0x94, 0x40,
    0xcc, 0x0, 0xa9, 0xf3, 0xf7, 0x40, 0x10, 0xd7,
    0x7d, 0x9f, 0xa8, 0x4, 0xd8, 0x1, 0xf0, 0x98,
    0x6,

    /* U+1EAE "Ắ" */
    0x0, 0xe1, 0xe6, 0x0, 0xfd, 0x8, 0xc0, 0x1e,
    0x72, 0xe9, 0x60, 0xf, 0xe, 0xc6, 0x0, 0x7c,
    0xdf, 0xde, 0xc0, 0x1f, 0x4f, 0x40, 0x7, 0xe6,
    0x6, 0x0, 0xf9, 0x41, 0x5, 0x0, 0x3d, 0xc3,
    0x41, 0xc0, 0x1c, 0x28, 0xe2, 0xaa, 0x10, 0xc,
    0xc1, 0x41, 0xc0, 0xe0, 0x1a, 0x88, 0xc1, 0x6,
    0x80, 0x23, 0x25, 0x11, 0x9c, 0xc8, 0x1, 0x40,
    0xfd, 0xd3, 0x5, 0x0, 0x1c, 0xee, 0xf8, 0xd8,
    0x14, 0x65, 0x13, 0xa8, 0x53, 0x81, 0x40, 0x39,
    0x83, 0x80,

    /* U+1EAF "ắ" */
    0x0, 0xc3, 0xce, 0x1, 0xea, 0x67, 0x0, 0xd6,
    0xb7, 0x6e, 0x0, 0xd1, 0x7f, 0x96, 0x1, 0x8f,
    0xb9, 0xea, 0x1, 0x15, 0x77, 0x36, 0x40, 0x26,
    0x2b, 0xcb, 0x4c, 0x0, 0x24, 0x29, 0xb7, 0x19,
    0x0, 0x1f, 0x3b, 0xf0, 0x1c, 0x22, 0x15, 0xba,
    0xc0, 0x9, 0x9d, 0x8c, 0x80, 0x30, 0xf8, 0x5,
    0x60, 0x12, 0x51, 0x3, 0x30, 0x2, 0xa7, 0xcf,
    0xdd, 0x0, 0x0,

    /* U+1EB0 "Ằ" */
    0x0, 0x9f, 0x80, 0x3f, 0x9d, 0x64, 0x3, 0xf3,
    0xc7, 0x13, 0x0, 0x78, 0x72, 0x34, 0x3, 0xe6,
    0xfe, 0xf6, 0x0, 0xfa, 0x7a, 0x0, 0x3f, 0x30,
    0x30, 0x7, 0xca, 0x8, 0x28, 0x1, 0xee, 0x1a,
    0xe, 0x0, 0xe1, 0x47, 0x15, 0x50, 0x80, 0x66,
    0xa, 0xe, 0x7, 0x0, 0xd4, 0x46, 0x8, 0x34,
    0x1, 0x19, 0x28, 0x8c, 0xe6, 0x40, 0xa, 0x7,
    0xee, 0x98, 0x28, 0x0, 0xe7, 0x77, 0xc6, 0xc0,
    0xa3, 0x28, 0x9d, 0x42, 0x9c, 0xa, 0x1, 0xcc,
    0x1c,

    /* U+1EB1 "ằ" */
    0x0, 0x27, 0x98, 0x7, 0x92, 0xb8, 0x40, 0x3a,
    0xcf, 0x4f, 0x80, 0x34, 0x43, 0xf6, 0xc0, 0x31,
    0xf7, 0x3d, 0x40, 0x22, 0xae, 0xe6, 0xc8, 0x4,
    0xc5, 0x79, 0x69, 0x80, 0x4, 0x85, 0x36, 0xe3,
    0x20, 0x3, 0xe7, 0x7e, 0x3, 0x84, 0x42, 0xb7,
    0x58, 0x1, 0x33, 0xb1, 0x90, 0x6, 0x1f, 0x0,
    0xac, 0x2, 0x4a, 0x20, 0x66, 0x0, 0x54, 0xf9,
    0xfb, 0xa0, 0x0,

    /* U+1EB2 "Ẳ" */
    0x0, 0x86, 0x6a, 0x40, 0x3e, 0x19, 0xb4, 0x20,
    0xf, 0x41, 0x54, 0xd0, 0x7, 0xbb, 0x52, 0xb4,
    0x3, 0xcd, 0xfd, 0xc5, 0x0, 0xfa, 0x7a, 0x0,
    0x3f, 0x30, 0x30, 0x7, 0xca, 0x8, 0x28, 0x1,
    0xee, 0x1a, 0xe, 0x0, 0xe1, 0x47, 0x15, 0x50,
    0x80, 0x66, 0xa, 0xe, 0x7, 0x0, 0xd4, 0x46,
    0x8, 0x34, 0x1, 0x19, 0x28, 0x8c, 0xe6, 0x40,
    0xa, 0x7, 0xee, 0x98, 0x28, 0x0, 0xe7, 0x77,
    0xc6, 0xc0, 0xa3, 0x28, 0x9d, 0x42, 0x9c, 0xa,
    0x1, 0xcc, 0x1c,

    /* U+1EB3 "ẳ" */
    0x0, 0xa6, 0xa4, 0x3, 0xd1, 0x46, 0xa0, 0x1c,
    0x2c, 0xc5, 0x0, 0xd6, 0xdf, 0x1c, 0x1, 0xa2,
    0xd, 0x70, 0x1, 0x8f, 0xb9, 0xec, 0x1, 0x15,
    0x77, 0x36, 0x40, 0x26, 0x2b, 0xcb, 0x4c, 0x0,
    0x24, 0x29, 0xb7, 0x19, 0x0, 0x1f, 0x3b, 0xf0,
    0x1c, 0x22, 0x15, 0xba, 0xc0, 0x9, 0x9d, 0x8c,
    0x80, 0x30, 0xf8, 0x5, 0x60, 0x12, 0x51, 0x3,
    0x30, 0x2, 0xa7, 0xcf, 0xdd, 0x0, 0x0,

    /* U+1EB4 "Ẵ" */
    0x0, 0xa3, 0xa0, 0x78, 0x3, 0xcd, 0xe1, 0xec,
    0x1, 0xe7, 0x38, 0xc0, 0xf, 0xbf, 0x7f, 0x34,
    0x3, 0xcd, 0xfd, 0xc5, 0x0, 0xfa, 0x7a, 0x0,
    0x3f, 0x30, 0x30, 0x7, 0xca, 0x8, 0x28, 0x1,
    0xee, 0x1a, 0xe, 0x0, 0xe1, 0x47, 0x15, 0x50,
    0x80, 0x66, 0xa, 0xe, 0x7, 0x0, 0xd4, 0x46,
    0x8, 0x34, 0x1, 0x19, 0x28, 0x8c, 0xe6, 0x40,
    0xa, 0x7, 0xee, 0x98, 0x28, 0x0, 0xe7, 0x77,
    0xc6, 0xc0, 0xa3, 0x28, 0x9d, 0x42, 0x9c, 0xa,
    0x1, 0xcc, 0x1c,

    /* U+1EB5 "ẵ" */
    0x0, 0x37, 0x48, 0xe9, 0x0, 0x57, 0x9d, 0xee,
    0x40, 0x13, 0x23, 0xe2, 0x0, 0x68, 0x87, 0xed,
    0x80, 0x63, 0xee, 0x7a, 0x80, 0x45, 0x5d, 0xcd,
    0x90, 0x9, 0x8a, 0xf2, 0xd3, 0x0, 0x9, 0xa,
    0x6d, 0xc6, 0x40, 0x7, 0xce, 0xfc, 0x7, 0x8,
    0x85, 0x6e, 0xb0, 0x2, 0x67, 0x63, 0x20, 0xc,
    0x3e, 0x1, 0x58, 0x4, 0x94, 0x40, 0xcc, 0x0,
    0xa9, 0xf3, 0xf7, 0x40, 0x0,

    /* U+1EB6 "Ặ" */
    0x0, 0xad, 0x40, 0xb8, 0x3, 0xd1, 0x7f, 0xb0,
    0x1, 0xe3, 0xee, 0x7b, 0x0, 0x7d, 0x3d, 0x0,
    0x1f, 0x98, 0x18, 0x3, 0xe5, 0x4, 0x14, 0x0,
    0xf7, 0xd, 0x7, 0x0, 0x70, 0xa3, 0x8a, 0xa8,
    0x40, 0x33, 0x5, 0x7, 0x3, 0x80, 0x6a, 0x23,
    0x4, 0x1a, 0x0, 0x8c, 0x94, 0x46, 0x73, 0x20,
    0x5, 0x3, 0xf7, 0x4c, 0x14, 0x0, 0x73, 0xbb,
    0xe3, 0x60, 0x51, 0x94, 0x4e, 0xa1, 0x4e, 0x5,
    0x0, 0xe6, 0xe, 0xbf, 0x0, 0xfb, 0xe8, 0x3,
    0x1e, 0x90, 0x7, 0xf1, 0x8, 0x6,

    /* U+1EB7 "ặ" */
    0x0, 0x5b, 0x1, 0x70, 0x6, 0x88, 0x7e, 0xc0,
    0x6, 0x3e, 0xe7, 0xb0, 0x4, 0x55, 0xdc, 0xd9,
    0x0, 0x98, 0xaf, 0x2d, 0x30, 0x0, 0x90, 0xa6,
    0xdc, 0x64, 0x0, 0x7c, 0xef, 0xc0, 0x70, 0x88,
    0x56, 0xeb, 0x0, 0x26, 0x76, 0x32, 0x0, 0xc3,
    0xe0, 0x15, 0x80, 0x49, 0x44, 0xc, 0xc0, 0xa,
    0x9f, 0x3f, 0x74, 0x1, 0xd, 0x77, 0xd9, 0xfa,
    0x80, 0x49, 0xa2, 0x1, 0xe1, 0x20, 0xc,

    /* U+1EB8 "Ẹ" */
    0x6f, 0xff, 0x80, 0x29, 0xaa, 0xe0, 0x9, 0x15,
    0x78, 0x3, 0xff, 0x80, 0x23, 0xc0, 0x1b, 0x3b,
    0xb5, 0x80, 0x55, 0x77, 0xa4, 0x2, 0x74, 0x4c,
    0x40, 0x1f, 0xfc, 0x94, 0x55, 0xe0, 0xa, 0x6a,
    0xb8, 0x5b, 0xff, 0xe1, 0x0, 0x9b, 0x0, 0x3e,
    0xe3, 0x0, 0xc0,

    /* U+1EB9 "ẹ" */
    0x0, 0x15, 0xff, 0xb0, 0xc0, 0x5, 0xaf, 0x56,
    0xd8, 0x61, 0x23, 0x8a, 0x94, 0x52, 0x8, 0xc0,
    0x19, 0x50, 0x41, 0xff, 0xf3, 0x88, 0x81, 0xb7,
    0x7c, 0x8, 0x82, 0x2f, 0x4, 0x96, 0x32, 0x2c,
    0x40, 0xb, 0x5a, 0x2e, 0xc7, 0x80, 0x2, 0xae,
    0xfe, 0xb4, 0x0, 0xd5, 0x80, 0x1f, 0x13, 0x0,
    0x40,

    /* U+1EBA "Ẻ" */
    0x0, 0x14, 0xd4, 0x0, 0x71, 0x4d, 0xb0, 0x80,
    0x7b, 0x30, 0x20, 0x1e, 0xd2, 0x0, 0x9b, 0xff,
    0xe0, 0xa, 0x6a, 0xb8, 0x2, 0x45, 0x5e, 0x0,
    0xff, 0xe0, 0x8, 0xf0, 0x6, 0xce, 0xed, 0x60,
    0x15, 0x5d, 0xe9, 0x0, 0x9d, 0x13, 0x10, 0x7,
    0xff, 0x25, 0x15, 0x78, 0x2, 0x9a, 0xae, 0x10,

    /* U+1EBB "ẻ" */
    0x0, 0x8e, 0xad, 0xc0, 0x38, 0xea, 0x64, 0x1,
    0xe1, 0xfc, 0x0, 0xf0, 0xe1, 0x0, 0x62, 0xbf,
    0xec, 0x30, 0x1, 0x6b, 0xd5, 0xb6, 0x18, 0x48,
    0xe2, 0xa5, 0x14, 0x82, 0x30, 0x6, 0x54, 0x10,
    0x7f, 0xfc, 0xe2, 0x20, 0x6d, 0xdf, 0x2, 0x20,
    0x8b, 0xc1, 0x25, 0x8c, 0x8b, 0x10, 0x2, 0xd6,
    0x8b, 0xb1, 0xe0,

    /* U+1EBC "Ẽ" */
    0x0, 0x5e, 0xaa, 0x58, 0x4, 0x81, 0x9f, 0x5e,
    0x1, 0x25, 0x8d, 0x72, 0x0, 0x1b, 0xff, 0xe0,
    0xa, 0x6a, 0xb8, 0x2, 0x45, 0x5e, 0x0, 0xff,
    0xe0, 0x8, 0xf0, 0x6, 0xce, 0xed, 0x60, 0x15,
    0x5d, 0xe9, 0x0, 0x9d, 0x13, 0x10, 0x7, 0xff,
    0x25, 0x15, 0x78, 0x2, 0x9a, 0xae, 0x10,

    /* U+1EBD "ẽ" */
    0x0, 0xb3, 0x99, 0x6c, 0x2, 0x56, 0xca, 0xbf,
    0x0, 0x96, 0x8b, 0x39, 0x0, 0x22, 0xbf, 0xf6,
    0x18, 0x0, 0xb5, 0xea, 0xdb, 0xc, 0x24, 0x71,
    0x52, 0x8a, 0x41, 0x18, 0x3, 0x2a, 0x8, 0x3f,
    0xfe, 0x71, 0x10, 0x36, 0xef, 0x81, 0x10, 0x45,
    0xe0, 0x92, 0xc6, 0x45, 0x88, 0x1, 0x6b, 0x45,
    0xd8, 0xf0,

    /* U+1EBE "Ế" */
    0x0, 0xf8, 0xdc, 0x3, 0xe1, 0xd3, 0x0, 0xd5,
    0xd2, 0xb6, 0x80, 0x13, 0x87, 0x11, 0xa8, 0x6,
    0x7a, 0xb, 0x70, 0x9, 0xbf, 0xfe, 0x0, 0xd3,
    0x55, 0xc0, 0x19, 0x15, 0x78, 0x3, 0xff, 0x84,
    0x23, 0xc0, 0x1d, 0x9d, 0xda, 0xc0, 0x35, 0x5d,
    0xe9, 0x0, 0xce, 0x89, 0x88, 0x3, 0xff, 0x98,
    0x8a, 0xbc, 0x1, 0xa6, 0xab, 0x84, 0x0,

    /* U+1EBF "ế" */
    0x0, 0xfd, 0xce, 0x1, 0xf4, 0x2b, 0x80, 0x43,
    0xdc, 0x4f, 0xa0, 0xd, 0xb7, 0xb2, 0xc2, 0x1,
    0xb5, 0x4f, 0x44, 0x3, 0x15, 0x7f, 0xb0, 0xc0,
    0x22, 0xd7, 0xab, 0x6c, 0x30, 0x4, 0x8e, 0x2a,
    0x51, 0x48, 0x1, 0x18, 0x3, 0x2a, 0x0, 0x83,
    0xff, 0xe7, 0x10, 0x10, 0x6d, 0xdf, 0x0, 0x11,
    0x4, 0x5e, 0x0, 0x49, 0x63, 0x22, 0xc4, 0x0,
    0x5, 0xad, 0x17, 0x63, 0xc0,

    /* U+1EC0 "Ề" */
    0x0, 0xea, 0x50, 0xf, 0xf, 0x59, 0x0, 0x6d,
    0xcc, 0x68, 0x80, 0x55, 0x4d, 0x46, 0x30, 0xa,
    0x9c, 0x31, 0x40, 0xd, 0xff, 0xf0, 0x5, 0x35,
    0x5c, 0x1, 0x22, 0xaf, 0x0, 0x7f, 0xf0, 0x4,
    0x78, 0x3, 0x67, 0x76, 0xb0, 0xa, 0xae, 0xf4,
    0x80, 0x4e, 0x89, 0x88, 0x3, 0xff, 0x92, 0x8a,
    0xbc, 0x1, 0x4d, 0x57, 0x8,

    /* U+1EC1 "ề" */
    0x0, 0xe2, 0xa2, 0x0, 0xf1, 0x13, 0x80, 0x31,
    0x77, 0x32, 0x88, 0x2, 0xea, 0xc9, 0x42, 0x0,
    0xb1, 0xb, 0x48, 0x2, 0x2b, 0xff, 0x61, 0x80,
    0xb, 0x5e, 0xad, 0xb0, 0xc2, 0x47, 0x15, 0x28,
    0xa4, 0x11, 0x80, 0x32, 0xa0, 0x83, 0xff, 0xe7,
    0x11, 0x3, 0x6e, 0xf8, 0x11, 0x4, 0x5e, 0x9,
    0x2c, 0x64, 0x58, 0x80, 0x16, 0xb4, 0x5d, 0x8f,
    0x0,

    /* U+1EC2 "Ể" */
    0x0, 0xe4, 0xab, 0x60, 0xe, 0x5a, 0xfa, 0x0,
    0xb3, 0x64, 0xe3, 0x40, 0x13, 0x7a, 0x8d, 0xa2,
    0x0, 0x97, 0xc, 0x51, 0x6, 0xff, 0xf8, 0x2,
    0x9a, 0xae, 0x0, 0x91, 0x57, 0x80, 0x3f, 0xf8,
    0x2, 0x3c, 0x1, 0xb3, 0xbb, 0x58, 0x5, 0x57,
    0x7a, 0x40, 0x27, 0x44, 0xc4, 0x1, 0xff, 0xc9,
    0x45, 0x5e, 0x0, 0xa6, 0xab, 0x84,

    /* U+1EC3 "ể" */
    0x0, 0xf3, 0xd5, 0xc, 0x3, 0xcf, 0x5b, 0x40,
    0x10, 0xf7, 0xd, 0x72, 0x40, 0x2d, 0xbd, 0xe6,
    0xa0, 0xd, 0xaa, 0x7a, 0x62, 0x1, 0x15, 0x7f,
    0xb0, 0xc0, 0x22, 0xd7, 0xab, 0x6c, 0x30, 0x4,
    0x8e, 0x2a, 0x51, 0x48, 0x1, 0x18, 0x3, 0x2a,
    0x0, 0x83, 0xff, 0xe7, 0x10, 0x10, 0x6d, 0xdf,
    0x0, 0x11, 0x4, 0x5e, 0x0, 0x49, 0x63, 0x22,
    0xc4, 0x0, 0x5, 0xad, 0x17, 0x63, 0xc0,

    /* U+1EC4 "Ễ" */
    0x0, 0x57, 0x31, 0x60, 0x4, 0x4d, 0xfe, 0xc9,
    0x0, 0x8b, 0x24, 0xa9, 0x40, 0x34, 0xc, 0xc8,
    0xc0, 0x34, 0xc8, 0xb4, 0xc0, 0xd, 0xfd, 0xff,
    0xc0, 0x14, 0xd5, 0x70, 0x4, 0x8a, 0xbc, 0x1,
    0xff, 0xc0, 0x11, 0xe0, 0xd, 0x9d, 0xda, 0xc0,
    0x2a, 0xbb, 0xd2, 0x1, 0x3a, 0x26, 0x20, 0xf,
    0xfe, 0x4a, 0x2a, 0xf0, 0x5, 0x35, 0x5c, 0x20,

    /* U+1EC5 "ễ" */
    0x0, 0x1e, 0xf7, 0x35, 0x80, 0x23, 0xde, 0xe6,
    0xb0, 0x6, 0x1e, 0xe1, 0x80, 0x76, 0xde, 0xf0,
    0x80, 0x6d, 0x53, 0xd1, 0x0, 0x8a, 0xbf, 0xd8,
    0x60, 0x2, 0xd7, 0xab, 0x6c, 0x30, 0x91, 0xc5,
    0x4a, 0x29, 0x4, 0x60, 0xc, 0xa8, 0x20, 0xff,
    0xf9, 0xc4, 0x40, 0xdb, 0xbe, 0x4, 0x41, 0x17,
    0x82, 0x4b, 0x19, 0x16, 0x20, 0x5, 0xad, 0x17,
    0x63, 0xc0,

    /* U+1EC6 "Ệ" */
    0x0, 0xe, 0xf3, 0x0, 0x75, 0x5f, 0xd9, 0x80,
    0x6b, 0x61, 0xd3, 0x0, 0x37, 0xff, 0xc0, 0x14,
    0xd5, 0x70, 0x4, 0x8a, 0xbc, 0x1, 0xff, 0xc0,
    0x11, 0xe0, 0xd, 0x9d, 0xda, 0xc0, 0x2a, 0xbb,
    0xd2, 0x1, 0x3a, 0x26, 0x20, 0xf, 0xfe, 0x4a,
    0x2a, 0xf0, 0x5, 0x35, 0x5c, 0x2d, 0xff, 0xf0,
    0x80, 0x4d, 0x80, 0x1f, 0x71, 0x80, 0x60,

    /* U+1EC7 "ệ" */
    0x0, 0xd9, 0xc2, 0x1, 0xce, 0xf, 0x0, 0x18,
    0xa7, 0x65, 0x10, 0x1, 0x17, 0x8, 0x6a, 0x0,
    0x45, 0x7f, 0xec, 0x30, 0x1, 0x6b, 0xd5, 0xb6,
    0x18, 0x48, 0xe2, 0xa5, 0x14, 0x82, 0x30, 0x6,
    0x54, 0x10, 0x7f, 0xfc, 0xe2, 0x20, 0x6d, 0xdf,
    0x2, 0x20, 0x8b, 0xc1, 0x25, 0x8c, 0x8b, 0x10,
    0x2, 0xd6, 0x8b, 0xb1, 0xe0, 0x0, 0xab, 0xbf,
    0xad, 0x0, 0x37, 0xf8, 0x3, 0xff, 0x80,

    /* U+1EC8 "Ỉ" */
    0x29, 0xa9, 0x2, 0x9b, 0x41, 0x0, 0x67, 0x8,
    0x3, 0x4c, 0x0, 0xde, 0x40, 0x1f, 0xfe, 0xc0,

    /* U+1EC9 "ỉ" */
    0x3a, 0xa3, 0x81, 0xd4, 0x50, 0x0, 0xbb, 0x0,
    0x5, 0x82, 0x0, 0x7f, 0x0, 0xff, 0xef, 0x0,

    /* U+1ECA "Ị" */
    0x6f, 0x20, 0xf, 0xfe, 0xab, 0x79, 0x26, 0x81,
    0x10, 0x40,

    /* U+1ECB "ị" */
    0x7f, 0x13, 0x6c, 0x7f, 0x0, 0xff, 0xe2, 0x3f,
    0xb6, 0x71, 0x80,

    /* U+1ECC "Ọ" */
    0x0, 0x92, 0xfb, 0xf6, 0x44, 0x3, 0x3d, 0xbc,
    0x52, 0xbf, 0x90, 0x0, 0xe1, 0x71, 0x96, 0x30,
    0x7c, 0x1, 0x21, 0x60, 0x18, 0xa0, 0x90, 0x15,
    0x4, 0x3, 0x94, 0x30, 0x0, 0x40, 0x1e, 0x20,
    0x21, 0x0, 0xff, 0x84, 0x8, 0x3, 0xc4, 0x4,
    0x8, 0x81, 0x0, 0xe5, 0xc, 0x8, 0xb, 0x0,
    0xc5, 0x24, 0x80, 0x70, 0xb8, 0xcb, 0x18, 0x1e,
    0x1, 0x3d, 0xbc, 0x52, 0xbf, 0x90, 0x6, 0x4b,
    0xef, 0xd9, 0x10, 0xf, 0x9b, 0xc0, 0x3f, 0xc6,
    0x40, 0x1c,

    /* U+1ECD "ọ" */
    0x0, 0x26, 0x7f, 0xac, 0x80, 0x9, 0x6f, 0x74,
    0xd8, 0x21, 0x5, 0x68, 0xb8, 0x30, 0x6, 0xa0,
    0x10, 0xa2, 0x4, 0x38, 0x3, 0x9, 0x88, 0x70,
    0x6, 0x13, 0x3, 0x50, 0x8, 0x51, 0x1, 0x5,
    0x6a, 0xac, 0x18, 0x4, 0xb7, 0xaa, 0x36, 0x8,
    0x1, 0x33, 0xfd, 0x64, 0x1, 0xdb, 0x20, 0x1f,
    0x38, 0x80, 0x40,

    /* U+1ECE "Ỏ" */
    0x0, 0xc5, 0x35, 0x20, 0x1f, 0x8a, 0x69, 0x8,
    0x3, 0xfb, 0x24, 0x80, 0x3f, 0xb5, 0x0, 0x3e,
    0x4b, 0xee, 0x6c, 0x88, 0x6, 0x7b, 0x78, 0xa5,
    0x7f, 0x20, 0x1, 0xc2, 0xe3, 0x2c, 0x60, 0xf8,
    0x2, 0x42, 0xc0, 0x31, 0x41, 0x20, 0x2a, 0x8,
    0x7, 0x28, 0x60, 0x0, 0x80, 0x3c, 0x40, 0x42,
    0x1, 0xff, 0x8, 0x10, 0x7, 0x88, 0x8, 0x11,
    0x2, 0x1, 0xca, 0x18, 0x10, 0x16, 0x1, 0x8a,
    0x49, 0x0, 0xe1, 0x71, 0x96, 0x30, 0x3c, 0x2,
    0x7b, 0x78, 0xa5, 0x7f, 0x20,

    /* U+1ECF "ỏ" */
    0x0, 0x96, 0xad, 0x40, 0x39, 0x6b, 0xe4, 0x3,
    0xc7, 0x1a, 0x1, 0xe3, 0xc1, 0x0, 0xc9, 0x9f,
    0xeb, 0x20, 0x2, 0x5b, 0xdd, 0x36, 0x8, 0x41,
    0x5a, 0x2e, 0xc, 0x1, 0xa8, 0x4, 0x28, 0x81,
    0xe, 0x0, 0xc2, 0x62, 0x1c, 0x1, 0x84, 0xc0,
    0xd4, 0x2, 0x14, 0x40, 0x41, 0x5a, 0xab, 0x6,
    0x1, 0x2d, 0xea, 0x8d, 0x82,

    /* U+1ED0 "Ố" */
    0x0, 0xfe, 0xba, 0x0, 0xfe, 0x55, 0x58, 0x7,
    0xb3, 0x9c, 0xf4, 0x40, 0x3a, 0x93, 0xec, 0x8c,
    0x3, 0xd5, 0x3, 0x88, 0x1, 0xe4, 0xbe, 0xfd,
    0x91, 0x0, 0xcf, 0x6f, 0x14, 0xaf, 0xe4, 0x0,
    0x38, 0x5c, 0x65, 0x8c, 0x1f, 0x0, 0x48, 0x58,
    0x6, 0x28, 0x24, 0x5, 0x41, 0x0, 0xe5, 0xc,
    0x0, 0x10, 0x7, 0x88, 0x8, 0x40, 0x3f, 0xe1,
    0x2, 0x0, 0xf1, 0x1, 0x2, 0x20, 0x40, 0x39,
    0x43, 0x2, 0x2, 0xc0, 0x31, 0x49, 0x20, 0x1c,
    0x2e, 0x32, 0xc6, 0x7, 0x80, 0x4f, 0x6f, 0x14,
    0xaf, 0xe4, 0x0,

    /* U+1ED1 "ố" */
    0x0, 0xf8, 0xbd, 0x0, 0x3e, 0xe7, 0x40, 0x9,
    0x3b, 0x87, 0x70, 0x1, 0xc, 0xed, 0xfb, 0x80,
    0x61, 0xd3, 0x5d, 0x0, 0xe4, 0xcf, 0xf5, 0x10,
    0x4, 0x96, 0xf7, 0x4d, 0x82, 0x0, 0x82, 0xb4,
    0x5c, 0x18, 0x0, 0x1a, 0x80, 0x42, 0x88, 0x1,
    0xe, 0x0, 0xc2, 0x60, 0x21, 0xc0, 0x18, 0x4c,
    0x0, 0x6a, 0x1, 0xa, 0x20, 0x1, 0x5, 0x6a,
    0xac, 0x18, 0x0, 0x25, 0xbd, 0x51, 0xb0, 0x40,

    /* U+1ED2 "Ồ" */
    0x0, 0xfa, 0x90, 0x3, 0xf8, 0x7a, 0x84, 0x3,
    0xed, 0xc3, 0xa2, 0x0, 0xf5, 0x53, 0x6c, 0xc,
    0x3, 0xd4, 0xe1, 0x88, 0x1, 0xe4, 0xbe, 0xfd,
    0x91, 0x0, 0xcf, 0x6f, 0x14, 0xaf, 0xe4, 0x0,
    0x38, 0x5c, 0x65, 0x8c, 0x1f, 0x0, 0x48, 0x58,
    0x6, 0x28, 0x24, 0x5, 0x41, 0x0, 0xe5, 0xc,
    0x0, 0x10, 0x7, 0x88, 0x8, 0x40, 0x3f, 0xe1,
    0x2, 0x0, 0xf1, 0x1, 0x2, 0x20, 0x40, 0x39,
    0x43, 0x2, 0x2, 0xc0, 0x31, 0x49, 0x20, 0x1c,
    0x2e, 0x32, 0xc6, 0x7, 0x80, 0x4f, 0x6f, 0x14,
    0xaf, 0xe4, 0x0,

    /* U+1ED3 "ồ" */
    0x0, 0xe4, 0xa0, 0xf, 0x90, 0x64, 0x3, 0x27,
    0x72, 0x7c, 0x2, 0x29, 0xcb, 0xe6, 0x0, 0x8b,
    0x49, 0x70, 0x3, 0x26, 0x7f, 0xac, 0x80, 0x9,
    0x6f, 0x74, 0xd8, 0x21, 0x5, 0x68, 0xb8, 0x30,
    0x6, 0xa0, 0x10, 0xa2, 0x4, 0x38, 0x3, 0x9,
    0x88, 0x70, 0x6, 0x13, 0x3, 0x50, 0x8, 0x51,
    0x1, 0x5, 0x6a, 0xac, 0x18, 0x4, 0xb7, 0xaa,
    0x36, 0x8,

    /* U+1ED4 "Ổ" */
    0x0, 0xf9, 0x6a, 0xd4, 0x3, 0xf2, 0x57, 0xc8,
    0x7, 0xb3, 0x9c, 0xe3, 0x80, 0x3a, 0x57, 0xed,
    0xb4, 0x80, 0x3a, 0x24, 0x75, 0x4, 0x3, 0x92,
    0xbb, 0xf6, 0x4, 0x3, 0x3d, 0xbc, 0x52, 0xbf,
    0x90, 0x0, 0xe1, 0x71, 0x96, 0x30, 0x7c, 0x1,
    0x21, 0x60, 0x18, 0xa0, 0x90, 0x15, 0x4, 0x3,
    0x94, 0x30, 0x0, 0x40, 0x1e, 0x20, 0x21, 0x0,
    0xff, 0x84, 0x8, 0x3, 0xc4, 0x4, 0x8, 0x81,
    0x0, 0xe5, 0xc, 0x8, 0xb, 0x0, 0xc5, 0x24,
    0x80, 0x70, 0xb8, 0xcb, 0x18, 0x1e, 0x1, 0x3d,
    0xbc, 0x52, 0xbf, 0x90, 0x0,

    /* U+1ED5 "ổ" */
    0x0, 0xf4, 0xd5, 0x4, 0x3, 0xd3, 0x40, 0xe0,
    0x12, 0x77, 0x6, 0x49, 0x80, 0x3, 0x3b, 0x7b,
    0x50, 0x1, 0xe, 0x9a, 0xe9, 0x80, 0x64, 0xcf,
    0xf5, 0x10, 0x4, 0x96, 0xf7, 0x4d, 0x82, 0x0,
    0x82, 0xb4, 0x5c, 0x18, 0x0, 0x1a, 0x80, 0x42,
    0x88, 0x1, 0xe, 0x0, 0xc2, 0x60, 0x21, 0xc0,
    0x18, 0x4c, 0x0, 0x6a, 0x1, 0xa, 0x20, 0x1,
    0x5, 0x6a, 0xac, 0x18, 0x0, 0x25, 0xbd, 0x51,
    0xb0, 0x40,

    /* U+1ED6 "Ỗ" */
    0x0, 0xd7, 0xac, 0x78, 0x1, 0xe3, 0x7c, 0xc6,
    0xc8, 0x7, 0x8f, 0x24, 0x75, 0x40, 0x3e, 0x82,
    0x8e, 0x20, 0xf, 0xaa, 0x87, 0x86, 0x1, 0xe4,
    0x9e, 0xfc, 0x81, 0x0, 0xcf, 0x6f, 0x14, 0xaf,
    0xe4, 0x0, 0x38, 0x5c, 0x65, 0x8c, 0x1f, 0x0,
    0x48, 0x58, 0x6, 0x28, 0x24, 0x5, 0x41, 0x0,
    0xe5, 0xc, 0x0, 0x10, 0x7, 0x88, 0x8, 0x40,
    0x3f, 0xe1, 0x2, 0x0, 0xf1, 0x1, 0x2, 0x20,
    0x40, 0x39, 0x43, 0x2, 0x2, 0xc0, 0x31, 0x49,
    0x20, 0x1c, 0x2e, 0x32, 0xc6, 0x7, 0x80, 0x4f,
    0x6f, 0x14, 0xaf, 0xe4, 0x0,

    /* U+1ED7 "ỗ" */
    0x0, 0x2e, 0xf7, 0x34, 0xc0, 0x25, 0xde, 0xe6,
    0x98, 0x6, 0x4e, 0xe0, 0x80, 0x61, 0x9d, 0xbd,
    0x0, 0xc3, 0xa6, 0xba, 0x1, 0x93, 0x3f, 0xd4,
    0x40, 0x4, 0xb7, 0xba, 0x6c, 0x10, 0x82, 0xb4,
    0x5c, 0x18, 0x3, 0x50, 0x8, 0x51, 0x2, 0x1c,
    0x1, 0x84, 0xc4, 0x38, 0x3, 0x9, 0x81, 0xa8,
    0x4, 0x28, 0x80, 0x82, 0xb5, 0x56, 0xc, 0x2,
    0x5b, 0xd5, 0x1b, 0x4,

    /* U+1ED8 "Ộ" */
    0x0, 0xec, 0xe7, 0x0, 0xfd, 0x57, 0xf6, 0x80,
    0x1f, 0x53, 0x8e, 0x20, 0x7, 0x92, 0xfb, 0xf6,
    0x44, 0x3, 0x3d, 0xbc, 0x52, 0xbf, 0x90, 0x0,
    0xe1, 0x71, 0x96, 0x30, 0x7c, 0x1, 0x21, 0x60,
    0x18, 0xa0, 0x90, 0x15, 0x4, 0x3, 0x94, 0x30,
    0x0, 0x40, 0x1e, 0x20, 0x21, 0x0, 0xff, 0x84,
    0x8, 0x3, 0xc4, 0x4, 0x8, 0x81, 0x0, 0xe5,
    0xc, 0x8, 0xb, 0x0, 0xc5, 0x24, 0x80, 0x70,
    0xb8, 0xcb, 0x18, 0x1e, 0x1, 0x3d, 0xbc, 0x52,
    0xbf, 0x90, 0x6, 0x4b, 0xef, 0xd9, 0x10, 0xf,
    0x9b, 0xc0, 0x3f, 0xc6, 0x40, 0x1c,

    /* U+1ED9 "ộ" */
    0x0, 0x87, 0xb0, 0x3, 0xd6, 0xe0, 0xc0, 0x19,
    0x1e, 0x76, 0x4, 0x2, 0x4d, 0x1, 0xe1, 0x0,
    0x93, 0x3f, 0xd6, 0x40, 0x4, 0xb7, 0xba, 0x6c,
    0x10, 0x82, 0xb4, 0x5c, 0x18, 0x3, 0x50, 0x8,
    0x51, 0x2, 0x1c, 0x1, 0x84, 0xc4, 0x38, 0x3,
    0x9, 0x81, 0xa8, 0x4, 0x28, 0x80, 0x82, 0xb5,
    0x56, 0xc, 0x2, 0x5b, 0xd5, 0x1b, 0x4, 0x0,
    0x99, 0xfe, 0xb2, 0x0, 0xef, 0xf0, 0x7, 0xff,
    0x0,

    /* U+1EDA "Ớ" */
    0x0, 0xf5, 0x58, 0x7, 0xf9, 0x99, 0x60, 0x1f,
    0xe6, 0xc0, 0xf, 0xe4, 0xbe, 0xfd, 0x81, 0xd,
    0x20, 0x4, 0x58, 0x45, 0x2b, 0xf7, 0x99, 0x81,
    0x5d, 0xad, 0x96, 0x30, 0xf, 0x84, 0x24, 0x64,
    0x3, 0x1b, 0x19, 0x80, 0x6, 0x80, 0x1e, 0xd0,
    0x40, 0x20, 0xd0, 0xf, 0x30, 0x70, 0x7, 0xff,
    0x8, 0x83, 0x40, 0x3c, 0xc1, 0xc0, 0x3, 0x40,
    0xf, 0x68, 0x20, 0x2, 0x46, 0x40, 0x31, 0xb2,
    0x18, 0x1, 0x5d, 0xad, 0x96, 0x30, 0xa8, 0x3,
    0x45, 0x4, 0xd2, 0xbe, 0x8, 0x0,

    /* U+1EDB "ớ" */
    0x0, 0xe6, 0xf2, 0x0, 0xf1, 0x4d, 0x90, 0x7,
    0xba, 0x50, 0x3, 0xec, 0x60, 0x3, 0x48, 0x1,
    0x33, 0xfe, 0x41, 0x0, 0x1d, 0x85, 0x50, 0x2e,
    0x30, 0x3c, 0x71, 0x55, 0xc0, 0xaa, 0x3, 0x60,
    0x8, 0x51, 0xc0, 0x43, 0xc0, 0x31, 0x18, 0x8,
    0x70, 0x6, 0x23, 0x0, 0x23, 0x80, 0x42, 0x88,
    0x0, 0x40, 0xe2, 0xab, 0x2, 0xc0, 0x7, 0x61,
    0x54, 0x6d, 0x20,

    /* U+1EDC "Ờ" */
    0x0, 0xc7, 0xc8, 0x1, 0xfe, 0x3a, 0xa0, 0x80,
    0x7f, 0x93, 0x84, 0x3, 0xf2, 0x5f, 0x7e, 0xc0,
    0x86, 0x90, 0x2, 0x2c, 0x22, 0x95, 0xfb, 0xcc,
    0xc0, 0xae, 0xd6, 0xcb, 0x18, 0x7, 0xc2, 0x12,
    0x32, 0x1, 0x8d, 0x8c, 0xc0, 0x3, 0x40, 0xf,
    0x68, 0x20, 0x10, 0x68, 0x7, 0x98, 0x38, 0x3,
    0xff, 0x84, 0x41, 0xa0, 0x1e, 0x60, 0xe0, 0x1,
    0xa0, 0x7, 0xb4, 0x10, 0x1, 0x23, 0x20, 0x18,
    0xd9, 0xc, 0x0, 0xae, 0xd6, 0xcb, 0x18, 0x54,
    0x1, 0xa2, 0x82, 0x69, 0x5f, 0x4, 0x0,

    /* U+1EDD "ờ" */
    0x0, 0x2f, 0x90, 0x7, 0xcb, 0x1e, 0x1, 0xf9,
    0xdd, 0x20, 0x1f, 0xaa, 0x40, 0xd, 0x20, 0x4,
    0xcf, 0xf9, 0x4, 0x0, 0x76, 0x15, 0x40, 0xb8,
    0xc0, 0xf1, 0xc5, 0x57, 0x2, 0xa8, 0xd, 0x80,
    0x21, 0x47, 0x1, 0xf, 0x0, 0xc4, 0x60, 0x21,
    0xc0, 0x18, 0x8c, 0x0, 0x8e, 0x1, 0xa, 0x20,
    0x1, 0x3, 0x8a, 0xac, 0xb, 0x0, 0x1d, 0x85,
    0x51, 0xb4, 0x80,

    /* U+1EDE "Ở" */
    0x0, 0xc5, 0x35, 0x20, 0x1f, 0xc5, 0x34, 0x84,
    0x1, 0xfe, 0xbb, 0x10, 0x7, 0xfb, 0xd8, 0x3,
    0xf2, 0x5f, 0x5e, 0xc0, 0x86, 0x90, 0x2, 0x2c,
    0x22, 0x95, 0xfb, 0xcc, 0xc0, 0xae, 0xd6, 0xcb,
    0x18, 0x7, 0xc2, 0x12, 0x32, 0x1, 0x8d, 0x8c,
    0xc0, 0x3, 0x40, 0xf, 0x68, 0x20, 0x10, 0x68,
    0x7, 0x98, 0x38, 0x3, 0xff, 0x84, 0x41, 0xa0,
    0x1e, 0x60, 0xe0, 0x1, 0xa0, 0x7, 0xb4, 0x10,
    0x1, 0x23, 0x20, 0x18, 0xd9, 0xc, 0x0, 0xae,
    0xd6, 0xcb, 0x18, 0x54, 0x1, 0xa2, 0x82, 0x69,
    0x5f, 0x4, 0x0,

    /* U+1EDF "ở" */
    0x0, 0x96, 0xad, 0x40, 0x3c, 0xb5, 0xf2, 0x1,
    0xf1, 0xc6, 0x80, 0x7c, 0x78, 0x20, 0xae, 0x0,
    0x4c, 0xff, 0x90, 0xf8, 0xe, 0xc2, 0xa8, 0x17,
    0x38, 0x1e, 0x38, 0xaa, 0xe0, 0x55, 0x1, 0xb0,
    0x4, 0x28, 0xe0, 0x21, 0xe0, 0x18, 0x8c, 0x4,
    0x38, 0x3, 0x11, 0x80, 0x11, 0xc0, 0x21, 0x44,
    0x0, 0x20, 0x71, 0x55, 0x81, 0x60, 0x3, 0xb0,
    0xaa, 0x36, 0x90, 0x0,

    /* U+1EE0 "Ỡ" */
    0x0, 0xd5, 0xac, 0x78, 0x1, 0xf1, 0xb6, 0x63,
    0x64, 0x3, 0xe3, 0xc1, 0xae, 0x50, 0xf, 0x92,
    0xfb, 0xf6, 0x4, 0x34, 0x80, 0x11, 0x61, 0x14,
    0xaf, 0xde, 0x66, 0x5, 0x76, 0xb6, 0x58, 0xc0,
    0x3e, 0x10, 0x91, 0x90, 0xc, 0x6c, 0x66, 0x0,
    0x1a, 0x0, 0x7b, 0x41, 0x0, 0x83, 0x40, 0x3c,
    0xc1, 0xc0, 0x1f, 0xfc, 0x22, 0xd, 0x0, 0xf3,
    0x7, 0x0, 0xd, 0x0, 0x3d, 0xa0, 0x80, 0x9,
    0x19, 0x0, 0xc6, 0xc8, 0x60, 0x5, 0x76, 0xb6,
    0x58, 0xc2, 0xa0, 0xd, 0x14, 0x13, 0x4a, 0xf8,
    0x20, 0x0,

    /* U+1EE1 "ỡ" */
    0x0, 0x1f, 0x69, 0xcb, 0x0, 0x6a, 0x89, 0xd4,
    0x70, 0xd, 0x2c, 0x9d, 0xa2, 0x8c, 0x0, 0x4c,
    0xff, 0x90, 0xb0, 0xe, 0xc2, 0xa8, 0x17, 0x3e,
    0x1e, 0x38, 0xaa, 0xe0, 0x55, 0x1, 0xb0, 0x4,
    0x28, 0xe0, 0x21, 0xe0, 0x18, 0x8c, 0x4, 0x38,
    0x3, 0x11, 0x80, 0x11, 0xc0, 0x21, 0x44, 0x0,
    0x20, 0x71, 0x55, 0x81, 0x60, 0x3, 0xb0, 0xaa,
    0x36, 0x90, 0x0,

    /* U+1EE2 "Ợ" */
    0x0, 0x92, 0xfb, 0xf6, 0x4, 0x34, 0x80, 0x11,
    0x61, 0x14, 0xaf, 0xde, 0x66, 0x5, 0x76, 0xb6,
    0x58, 0xc0, 0x3e, 0x10, 0x91, 0x90, 0xc, 0x6c,
    0x66, 0x0, 0x1a, 0x0, 0x7b, 0x41, 0x0, 0x83,
    0x40, 0x3c, 0xc1, 0xc0, 0x1f, 0xfc, 0x22, 0xd,
    0x0, 0xf3, 0x7, 0x0, 0xd, 0x0, 0x3d, 0xa0,
    0x80, 0x9, 0x19, 0x0, 0xc6, 0xc8, 0x60, 0x5,
    0x76, 0xb6, 0x58, 0xc2, 0xa0, 0xd, 0x14, 0x13,
    0x4a, 0xf8, 0x20, 0x1c, 0xb7, 0xfe, 0xd8, 0x10,
    0xf, 0xcd, 0xe0, 0x1f, 0xf1, 0x90, 0x7, 0x80,

    /* U+1EE3 "ợ" */
    0x0, 0xfc, 0xd2, 0x0, 0x4c, 0xff, 0x90, 0x40,
    0x7, 0x61, 0x54, 0xb, 0x8c, 0xf, 0x1c, 0x55,
    0x70, 0x2a, 0x80, 0xd8, 0x2, 0x14, 0x70, 0x10,
    0xf0, 0xc, 0x46, 0x2, 0x1c, 0x1, 0x88, 0xc0,
    0x8, 0xe0, 0x10, 0xa2, 0x0, 0x10, 0x38, 0xaa,
    0xc0, 0xb0, 0x1, 0xd8, 0x55, 0x1b, 0x48, 0x2,
    0x4c, 0xff, 0x59, 0x0, 0x7b, 0x64, 0x3, 0xf3,
    0x88, 0x6,

    /* U+1EE4 "Ụ" */
    0x9f, 0x0, 0xe4, 0xf5, 0x0, 0xff, 0xfd, 0x8,
    0x8, 0x6, 0x20, 0x6c, 0x6, 0x0, 0xda, 0x26,
    0x88, 0x89, 0x56, 0xb4, 0x80, 0x5, 0xba, 0x54,
    0xbd, 0x30, 0x5, 0x1b, 0xfe, 0xc5, 0x0, 0xf6,
    0xd0, 0x7, 0xe7, 0x20, 0xc,

    /* U+1EE5 "ụ" */
    0xac, 0x0, 0xd9, 0x60, 0x1f, 0xfd, 0x43, 0x10,
    0xf, 0x71, 0x80, 0x42, 0x60, 0xa3, 0x2, 0x54,
    0x0, 0x2a, 0x5e, 0xfe, 0x30, 0x2, 0xef, 0xea,
    0xe5, 0x80, 0x55, 0x0, 0x1e, 0x62, 0x0, 0x80,

    /* U+1EE6 "Ủ" */
    0x0, 0x9a, 0xad, 0x0, 0x3c, 0xd5, 0xbc, 0x1,
    0xf2, 0xe5, 0x0, 0x7c, 0xb4, 0x1, 0xa7, 0xc0,
    0x39, 0x3d, 0x40, 0x3f, 0xff, 0x42, 0x2, 0x1,
    0x88, 0x1b, 0x1, 0x80, 0x36, 0x89, 0xa2, 0x22,
    0x55, 0xad, 0x20, 0x1, 0x6e, 0x95, 0x2f, 0x4c,
    0x0,

    /* U+1EE7 "ủ" */
    0x0, 0x2d, 0x5b, 0x0, 0x65, 0xaf, 0xa0, 0xe,
    0x3f, 0xd0, 0xe, 0x3b, 0x10, 0x5, 0x60, 0x6,
    0xcb, 0x0, 0xff, 0xea, 0x18, 0x80, 0x7b, 0x8c,
    0x2, 0x13, 0x5, 0x18, 0x12, 0xa0, 0x1, 0x52,
    0xf7, 0xf1, 0x80,

    /* U+1EE8 "Ứ" */
    0x0, 0xc5, 0xc8, 0x1, 0xfd, 0xf0, 0x80, 0x1f,
    0xda, 0xc0, 0x1e, 0xaf, 0x0, 0xe4, 0xf4, 0x5a,
    0x0, 0xfe, 0xc0, 0x10, 0xf, 0xe7, 0xad, 0x0,
    0xfe, 0xbe, 0x60, 0xf, 0xf0, 0x80, 0x7f, 0xf5,
    0x4, 0x3, 0x10, 0x8, 0x6, 0x30, 0x60, 0x6,
    0x3, 0x80, 0x6a, 0x12, 0x0, 0x22, 0x26, 0x4a,
    0xd8, 0x70, 0x1, 0xad, 0xd2, 0xa4, 0x29, 0x80,
    0x20,

    /* U+1EE9 "ứ" */
    0x0, 0xcb, 0xe6, 0x1, 0xe1, 0xba, 0x30, 0xf,
    0x6c, 0xa8, 0x7, 0xd8, 0xe0, 0x11, 0xe5, 0x68,
    0x6, 0xff, 0x38, 0x7, 0xc4, 0x16, 0x80, 0x1e,
    0x64, 0xe8, 0x0, 0xfc, 0x20, 0x1f, 0xf1, 0x80,
    0x73, 0x80, 0x5c, 0x40, 0x10, 0x98, 0x4, 0xa1,
    0x2, 0x54, 0x1, 0x8a, 0x97, 0xbf, 0x90, 0x2,

    /* U+1EEA "Ừ" */
    0x0, 0xa7, 0x0, 0x3f, 0xd2, 0xf2, 0x1, 0xfe,
    0xb9, 0x0, 0xf5, 0x78, 0x7, 0x27, 0xa2, 0xd0,
    0x7, 0xf6, 0x0, 0x80, 0x7f, 0x3d, 0x68, 0x7,
    0xf5, 0xf3, 0x0, 0x7f, 0x84, 0x3, 0xff, 0xa8,
    0x20, 0x18, 0x80, 0x40, 0x31, 0x83, 0x0, 0x30,
    0x1c, 0x3, 0x50, 0x90, 0x1, 0x11, 0x32, 0x56,
    0xc3, 0x80, 0xd, 0x6e, 0x95, 0x21, 0x4c, 0x1,
    0x0,

    /* U+1EEB "ừ" */
    0x4, 0xf3, 0x0, 0xf9, 0x27, 0x80, 0x3f, 0x32,
    0x50, 0x7, 0xe9, 0xa0, 0x8, 0xf2, 0xb4, 0x3,
    0x7f, 0x9c, 0x3, 0xe2, 0xb, 0x40, 0xf, 0x32,
    0x74, 0x0, 0x7e, 0x10, 0xf, 0xf8, 0xc0, 0x39,
    0xc0, 0x2e, 0x20, 0x8, 0x4c, 0x2, 0x50, 0x81,
    0x2a, 0x0, 0xc5, 0x4b, 0xdf, 0xc8, 0x1, 0x0,

    /* U+1EEC "Ử" */
    0x0, 0x9a, 0xad, 0x0, 0x3f, 0x3d, 0x77, 0x80,
    0x7e, 0x13, 0x99, 0x0, 0x7f, 0xf, 0x10, 0x7,
    0x57, 0x80, 0x8, 0x80, 0x9e, 0x8b, 0x40, 0x1f,
    0xd8, 0x2, 0x1, 0xfc, 0xf5, 0xa0, 0x1f, 0xd7,
    0xcc, 0x1, 0xfe, 0x10, 0xf, 0xfe, 0xa0, 0x80,
    0x62, 0x1, 0x0, 0xc6, 0xc, 0x0, 0xc0, 0x70,
    0xd, 0x42, 0x40, 0x4, 0x44, 0xc9, 0x5b, 0xe,
    0x0, 0x35, 0xba, 0x54, 0x85, 0x30, 0x4,

    /* U+1EED "ử" */
    0x0, 0x2d, 0x5b, 0x0, 0x79, 0x6b, 0xe8, 0x3,
    0xe3, 0xfd, 0x0, 0xf8, 0xec, 0x40, 0x7, 0x75,
    0xa0, 0x1b, 0xfc, 0xee, 0x0, 0xf1, 0x5, 0xa0,
    0x7, 0x99, 0x3a, 0x0, 0x3f, 0x8, 0x7, 0xfc,
    0x60, 0x1c, 0xe0, 0x17, 0x10, 0x4, 0x26, 0x1,
    0x28, 0x40, 0x95, 0x0, 0x62, 0xa5, 0xef, 0xe4,
    0x0, 0x80,

    /* U+1EEE "Ữ" */
    0x0, 0x1e, 0xd9, 0x4a, 0x80, 0x7a, 0xa3, 0xfc,
    0xaa, 0x0, 0xf4, 0xaa, 0x6e, 0x0, 0x75, 0x78,
    0x7, 0x27, 0xa2, 0xd0, 0x7, 0xf6, 0x0, 0x80,
    0x7f, 0x3d, 0x68, 0x7, 0xf5, 0xf3, 0x0, 0x7f,
    0x84, 0x3, 0xff, 0xa8, 0x20, 0x18, 0x80, 0x40,
    0x31, 0x83, 0x0, 0x30, 0x1c, 0x3, 0x50, 0x90,
    0x1, 0x11, 0x32, 0x56, 0xc3, 0x80, 0xd, 0x6e,
    0x95, 0x21, 0x4c, 0x1, 0x0,

    /* U+1EEF "ữ" */
    0x2, 0xed, 0x48, 0x80, 0x6, 0xa6, 0xe9, 0x5a,
    0x0, 0xd1, 0x3, 0xdd, 0x10, 0x1c, 0x56, 0x80,
    0x6f, 0xf3, 0xa0, 0x7, 0x88, 0x2d, 0x0, 0x3c,
    0xc9, 0xd0, 0x1, 0xf8, 0x40, 0x3f, 0xe3, 0x0,
    0xe7, 0x0, 0xb8, 0x80, 0x21, 0x30, 0x9, 0x42,
    0x4, 0xa8, 0x3, 0x15, 0x2f, 0x7f, 0x20, 0x4,

    /* U+1EF0 "Ự" */
    0xaf, 0x0, 0xe4, 0xf4, 0x5a, 0x0, 0xfe, 0xc0,
    0x10, 0xf, 0xe7, 0xad, 0x0, 0xfe, 0xbe, 0x60,
    0xf, 0xf0, 0x80, 0x7f, 0xf5, 0x4, 0x3, 0x10,
    0x8, 0x6, 0x30, 0x60, 0x6, 0x3, 0x80, 0x6a,
    0x12, 0x0, 0x22, 0x26, 0x4a, 0xd8, 0x70, 0x1,
    0xad, 0xd2, 0xa4, 0x29, 0x80, 0x3a, 0x37, 0xfd,
    0x8a, 0x1, 0xfb, 0x68, 0x3, 0xfc, 0xe4, 0x1,
    0xe0,

    /* U+1EF1 "ự" */
    0x0, 0xfc, 0x79, 0x5a, 0x1, 0xbf, 0xce, 0x1,
    0xf1, 0x5, 0xa0, 0x7, 0x99, 0x3a, 0x0, 0x3f,
    0x8, 0x7, 0xfc, 0x60, 0x1c, 0xe0, 0x17, 0x10,
    0x4, 0x26, 0x1, 0x28, 0x40, 0x95, 0x0, 0x62,
    0xa5, 0xef, 0xe4, 0x0, 0xcb, 0xbf, 0xab, 0x76,
    0x0, 0xea, 0x80, 0xf, 0xcc, 0x40, 0x1c,

    /* U+1EF2 "Ỳ" */
    0x0, 0xd3, 0x80, 0x1f, 0xd2, 0xd2, 0x1, 0xfd,
    0x52, 0x1, 0xd7, 0xc2, 0x1, 0x8f, 0xdc, 0x28,
    0x6c, 0x3, 0x71, 0xb8, 0xc, 0xaa, 0x0, 0x20,
    0xbc, 0x2, 0x64, 0xa1, 0x27, 0x71, 0x80, 0x69,
    0x1b, 0xe2, 0x80, 0xe, 0x29, 0x53, 0xe0, 0xf,
    0x98, 0x50, 0xc0, 0x3f, 0xfd, 0xc0,

    /* U+1EF3 "ỳ" */
    0x1, 0xd8, 0x0, 0xf0, 0xe2, 0x38, 0x7, 0x87,
    0x40, 0x3f, 0xb, 0x80, 0x65, 0xf3, 0x0, 0xd7,
    0x8a, 0x34, 0x1, 0x12, 0x50, 0x4b, 0x0, 0x54,
    0xc, 0xc, 0xc, 0x0, 0x66, 0x0, 0x5, 0x68,
    0x14, 0x6c, 0x2, 0x93, 0x34, 0x99, 0x0, 0x46,
    0x5e, 0x72, 0x1, 0xd6, 0x62, 0xa0, 0x1c, 0xe0,
    0xc0, 0x1e, 0x70, 0xa0, 0xc, 0x49, 0x8, 0x40,
    0x1a, 0x6c, 0xa8, 0x3, 0x0,

    /* U+1EF4 "Ỵ" */
    0xb, 0xe1, 0x0, 0xc7, 0xee, 0x14, 0x36, 0x1,
    0xb8, 0xdc, 0x6, 0x55, 0x0, 0x10, 0x5e, 0x1,
    0x32, 0x50, 0x93, 0xb8, 0xc0, 0x34, 0x8d, 0xf1,
    0x40, 0x7, 0x14, 0xa9, 0xf0, 0x7, 0xcc, 0x28,
    0x60, 0x1f, 0xff, 0x3e, 0xb0, 0xf, 0xea, 0x80,
    0xf, 0xe7, 0x20, 0xc,

    /* U+1EF5 "ỵ" */
    0x5f, 0x30, 0xd, 0x78, 0xa3, 0x40, 0x11, 0x25,
    0x3, 0x30, 0x2, 0xa0, 0x60, 0x90, 0x60, 0x3,
    0x30, 0x0, 0x29, 0x40, 0x83, 0x60, 0x17, 0x99,
    0x79, 0x90, 0x4, 0x83, 0x9, 0x20, 0x1d, 0x2a,
    0x2a, 0x1, 0xcc, 0xc, 0x1, 0xe4, 0xa, 0x0,
    0xc4, 0x90, 0x85, 0xb2, 0x0, 0x9b, 0x1a, 0x7,
    0x10,

    /* U+1EF6 "Ỷ" */
    0x0, 0xcb, 0x56, 0xa0, 0x1f, 0x2d, 0x6f, 0x80,
    0x7e, 0x5c, 0xa0, 0xf, 0xcb, 0x40, 0x1d, 0x7c,
    0x20, 0x18, 0xfd, 0xc2, 0x86, 0xc0, 0x37, 0x1b,
    0x80, 0xca, 0xa0, 0x2, 0xb, 0xc0, 0x26, 0x4a,
    0x12, 0x77, 0x18, 0x6, 0x91, 0xbe, 0x28, 0x0,
    0xe2, 0x95, 0x3e, 0x0, 0xf9, 0x85, 0xc, 0x3,
    0xff, 0xdc,

    /* U+1EF7 "ỷ" */
    0x0, 0x9e, 0xa8, 0x40, 0x1c, 0xd5, 0x96, 0x1,
    0xc2, 0x77, 0x60, 0xf, 0x37, 0x10, 0x7, 0x94,
    0xc0, 0x25, 0xf3, 0x0, 0xd7, 0x8a, 0x34, 0x1,
    0x12, 0x50, 0x4b, 0x0, 0x54, 0xc, 0xc, 0xc,
    0x0, 0x66, 0x0, 0x5, 0x68, 0x14, 0x6c, 0x2,
    0x93, 0x34, 0x99, 0x0, 0x46, 0x5e, 0x72, 0x1,
    0xd6, 0x62, 0xa0, 0x1c, 0xe0, 0xc0, 0x1e, 0x70,
    0xa0, 0xc, 0x49, 0x8, 0x40, 0x1a, 0x6c, 0xa8,
    0x3, 0x0,

    /* U+1EF8 "Ỹ" */
    0x0, 0x8f, 0x6c, 0xa5, 0x40, 0x3a, 0xaf, 0xfc,
    0xa8, 0x1, 0xd2, 0xc9, 0xb8, 0x20, 0x15, 0xf0,
    0x80, 0x63, 0xf7, 0xa, 0x1b, 0x0, 0xdc, 0x6e,
    0x3, 0x2a, 0x80, 0x8, 0x2f, 0x0, 0x99, 0x28,
    0x49, 0xdc, 0x60, 0x1a, 0x46, 0xf8, 0xa0, 0x3,
    0x8a, 0x54, 0xf8, 0x3, 0xe6, 0x14, 0x30, 0xf,
    0xff, 0x70,

    /* U+1EF9 "ỹ" */
    0x0, 0x2f, 0x7f, 0xb9, 0x0, 0x25, 0xef, 0xf7,
    0x20, 0x7, 0xf9, 0x7c, 0xc0, 0x35, 0xe2, 0x8d,
    0x0, 0x44, 0x94, 0x12, 0xc0, 0x15, 0x3, 0x3,
    0x3, 0x0, 0x19, 0x80, 0x1, 0x5a, 0x5, 0x1b,
    0x0, 0xa4, 0xcd, 0x26, 0x40, 0x11, 0x97, 0x9c,
    0x80, 0x75, 0x98, 0xa8, 0x7, 0x38, 0x30, 0x7,
    0x9c, 0x28, 0x3, 0x12, 0x42, 0x10, 0x6, 0x9b,
    0x2a, 0x0, 0xc0,

    /* U+20AB "₫" */
    0x0, 0xfa, 0xec, 0x1, 0xc9, 0xfe, 0x44, 0x70,
    0x6, 0x4f, 0xf2, 0x23, 0x80, 0xb, 0xbf, 0xaa,
    0x1, 0x92, 0x9a, 0xe2, 0xd4, 0x2, 0x82, 0xb4,
    0x5d, 0x10, 0x8, 0xd4, 0x2, 0x32, 0x0, 0x8,
    0x70, 0x6, 0x10, 0x0, 0x80, 0x80, 0x61, 0x0,
    0x8f, 0x0, 0x22, 0x20, 0x5, 0x8, 0xe0, 0x5c,
    0x1, 0x92, 0xa9, 0xfe, 0xa4, 0x0, 0xcb, 0xbf,
    0xad, 0x76, 0x0, 0x8f, 0xff, 0x30, 0x6, 0x3d,
    0xdc, 0xe0, 0x0
};


/*---------------------
 *  GLYPH DESCRIPTION
 *--------------------*/

static const lv_font_fmt_txt_glyph_dsc_t glyph_dsc[] = {
    {.bitmap_index = 0, .adv_w = 0, .box_w = 0, .box_h = 0, .ofs_x = 0, .ofs_y = 0} /* id = 0 reserved */,
    {.bitmap_index = 0, .adv_w = 81, .box_w = 0, .box_h = 0, .ofs_x = 0, .ofs_y = 0},
    {.bitmap_index = 0, .adv_w = 103, .box_w = 2, .box_h = 12, .ofs_x = 2, .ofs_y = 0},
    {.bitmap_index = 11, .adv_w = 118, .box_w = 5, .box_h = 5, .ofs_x = 1, .ofs_y = 7},
    {.bitmap_index = 20, .adv_w = 215, .box_w = 12, .box_h = 12, .ofs_x = 1, .ofs_y = 0},
    {.bitmap_index = 87, .adv_w = 163, .box_w = 8, .box_h = 15, .ofs_x = 1, .ofs_y = -3},
    {.bitmap_index = 140, .adv_w = 243, .box_w = 15, .box_h = 12, .ofs_x = 0, .ofs_y = 0},
    {.bitmap_index = 216, .adv_w = 200, .box_w = 11, .box_h = 12, .ofs_x = 1, .ofs_y = 0},
    {.bitmap_index = 276, .adv_w = 70, .box_w = 2, .box_h = 5, .ofs_x = 1, .ofs_y = 7},
    {.bitmap_index = 280, .adv_w = 100, .box_w = 4, .box_h = 15, .ofs_x = 1, .ofs_y = -3},
    {.bitmap_index = 311, .adv_w = 100, .box_w = 4, .box_h = 15, .ofs_x = 1, .ofs_y = -3},
    {.bitmap_index = 343, .adv_w = 128, .box_w = 8, .box_h = 8, .ofs_x = 0, .ofs_y = 4},
    {.bitmap_index = 374, .adv_w = 215, .box_w = 11, .box_h = 11, .ofs_x = 1, .ofs_y = 0},
    {.bitmap_index = 403, .adv_w = 81, .box_w = 3, .box_h = 4, .ofs_x = 1, .ofs_y = -2},
    {.bitmap_index = 409, .adv_w = 92, .box_w = 5, .box_h = 3, .ofs_x = 0, .ofs_y = 3},
    {.bitmap_index = 415, .adv_w = 81, .box_w = 3, .box_h = 2, .ofs_x = 1, .ofs_y = 0},
    {.bitmap_index = 418, .adv_w = 86, .box_w = 6, .box_h = 13, .ofs_x = 0, .ofs_y = -1},
    {.bitmap_index = 453, .adv_w = 163, .box_w = 9, .box_h = 12, .ofs_x = 1, .ofs_y = 0},
    {.bitmap_index = 503, .adv_w = 163, .box_w = 8, .box_h = 12, .ofs_x = 1, .ofs_y = 0},
    {.bitmap_index = 524, .adv_w = 163, .box_w = 8, .box_h = 12, .ofs_x = 1, .ofs_y = 0},
    {.bitmap_index = 567, .adv_w = 163, .box_w = 8, .box_h = 12, .ofs_x = 1, .ofs_y = 0},
    {.bitmap_index = 611, .adv_w = 163, .box_w = 10, .box_h = 12, .ofs_x = 0, .ofs_y = 0},
    {.bitmap_index = 654, .adv_w = 163, .box_w = 8, .box_h = 12, .ofs_x = 1, .ofs_y = 0},
    {.bitmap_index = 692, .adv_w = 163, .box_w = 9, .box_h = 12, .ofs_x = 1, .ofs_y = 0},
    {.bitmap_index = 743, .adv_w = 163, .box_w = 8, .box_h = 12, .ofs_x = 1, .ofs_y = 0},
    {.bitmap_index = 780, .adv_w = 163, .box_w = 9, .box_h = 12, .ofs_x = 1, .ofs_y = 0},
    {.bitmap_index = 834, .adv_w = 163, .box_w = 9, .box_h = 12, .ofs_x = 1, .ofs_y = 0},
    {.bitmap_index = 887, .adv_w = 86, .box_w = 3, .box_h = 8, .ofs_x = 1, .ofs_y = 0},
    {.bitmap_index = 897, .adv_w = 86, .box_w = 3, .box_h = 10, .ofs_x = 1, .ofs_y = -2},
    {.bitmap_index = 910, .adv_w = 215, .box_w = 11, .box_h = 10, .ofs_x = 1, .ofs_y = 0},
    {.bitmap_index = 954, .adv_w = 215, .box_w = 11, .box_h = 6, .ofs_x = 1, .ofs_y = 2},
    {.bitmap_index = 972, .adv_w = 215, .box_w = 11, .box_h = 10, .ofs_x = 1, .ofs_y = 0},
    {.bitmap_index = 1018, .adv_w = 136, .box_w = 7, .box_h = 12, .ofs_x = 1, .ofs_y = 0},
    {.bitmap_index = 1055, .adv_w = 256, .box_w = 14, .box_h = 15, .ofs_x = 1, .ofs_y = -4},
    {.bitmap_index = 1157, .adv_w = 175, .box_w = 11, .box_h = 12, .ofs_x = 0, .ofs_y = 0},
    {.bitmap_index = 1212, .adv_w = 176, .box_w = 9, .box_h = 12, .ofs_x = 1, .ofs_y = 0},
    {.bitmap_index = 1261, .adv_w = 179, .box_w = 11, .box_h = 12, .ofs_x = 0, .ofs_y = 0},
    {.bitmap_index = 1311, .adv_w = 197, .box_w = 11, .box_h = 12, .ofs_x = 1, .ofs_y = 0},
    {.bitmap_index = 1360, .adv_w = 162, .box_w = 9, .box_h = 12, .ofs_x = 1, .ofs_y = 0},
    {.bitmap_index = 1394, .adv_w = 147, .box_w = 8, .box_h = 12, .ofs_x = 1, .ofs_y = 0},
    {.bitmap_index = 1421, .adv_w = 198, .box_w = 12, .box_h = 12, .ofs_x = 0, .ofs_y = 0},
    {.bitmap_index = 1482, .adv_w = 193, .box_w = 10, .box_h = 12, .ofs_x = 1, .ofs_y = 0},
    {.bitmap_index = 1506, .adv_w = 76, .box_w = 3, .box_h = 12, .ofs_x = 1, .ofs_y = 0},
    {.bitmap_index = 1511, .adv_w = 76, .box_w = 5, .box_h = 15, .ofs_x = -1, .ofs_y = -3},
    {.bitmap_index = 1526, .adv_w = 168, .box_w = 10, .box_h = 12, .ofs_x = 1, .ofs_y = 0},
    {.bitmap_index = 1571, .adv_w = 143, .box_w = 8, .box_h = 12, .ofs_x = 1, .ofs_y = 0},
    {.bitmap_index = 1583, .adv_w = 221, .box_w = 12, .box_h = 12, .ofs_x = 1, .ofs_y = 0},
    {.bitmap_index = 1636, .adv_w = 192, .box_w = 10, .box_h = 12, .ofs_x = 1, .ofs_y = 0},
    {.bitmap_index = 1678, .adv_w = 202, .box_w = 12, .box_h = 12, .ofs_x = 0, .ofs_y = 0},
    {.bitmap_index = 1741, .adv_w = 154, .box_w = 9, .box_h = 12, .ofs_x = 1, .ofs_y = 0},
    {.bitmap_index = 1778, .adv_w = 202, .box_w = 12, .box_h = 14, .ofs_x = 0, .ofs_y = -2},
    {.bitmap_index = 1849, .adv_w = 178, .box_w = 10, .box_h = 12, .ofs_x = 1, .ofs_y = 0},
    {.bitmap_index = 1896, .adv_w = 163, .box_w = 9, .box_h = 12, .ofs_x = 1, .ofs_y = 0},
    {.bitmap_index = 1946, .adv_w = 156, .box_w = 11, .box_h = 12, .ofs_x = -1, .ofs_y = 0},
    {.bitmap_index = 1965, .adv_w = 187, .box_w = 10, .box_h = 12, .ofs_x = 1, .ofs_y = 0},
    {.bitmap_index = 1992, .adv_w = 175, .box_w = 11, .box_h = 12, .ofs_x = 0, .ofs_y = 0},
    {.bitmap_index = 2048, .adv_w = 253, .box_w = 16, .box_h = 12, .ofs_x = 0, .ofs_y = 0},
    {.bitmap_index = 2139, .adv_w = 175, .box_w = 11, .box_h = 12, .ofs_x = 0, .ofs_y = 0},
    {.bitmap_index = 2197, .adv_w = 156, .box_w = 11, .box_h = 12, .ofs_x = -1, .ofs_y = 0},
    {.bitmap_index = 2233, .adv_w = 175, .box_w = 11, .box_h = 12, .ofs_x = 0, .ofs_y = 0},
    {.bitmap_index = 2280, .adv_w = 100, .box_w = 4, .box_h = 15, .ofs_x = 1, .ofs_y = -3},
    {.bitmap_index = 2293, .adv_w = 86, .box_w = 6, .box_h = 13, .ofs_x = 0, .ofs_y = -1},
    {.bitmap_index = 2326, .adv_w = 100, .box_w = 4, .box_h = 15, .ofs_x = 1, .ofs_y = -3},
    {.bitmap_index = 2339, .adv_w = 215, .box_w = 11, .box_h = 5, .ofs_x = 1, .ofs_y = 7},
    {.bitmap_index = 2364, .adv_w = 128, .box_w = 10, .box_h = 2, .ofs_x = -1, .ofs_y = -5},
    {.bitmap_index = 2370, .adv_w = 128, .box_w = 5, .box_h = 3, .ofs_x = 1, .ofs_y = 10},
    {.bitmap_index = 2378, .adv_w = 157, .box_w = 9, .box_h = 9, .ofs_x = 0, .ofs_y = 0},
    {.bitmap_index = 2418, .adv_w = 163, .box_w = 9, .box_h = 12, .ofs_x = 1, .ofs_y = 0},
    {.bitmap_index = 2460, .adv_w = 141, .box_w = 8, .box_h = 9, .ofs_x = 0, .ofs_y = 0},
    {.bitmap_index = 2492, .adv_w = 163, .box_w = 9, .box_h = 12, .ofs_x = 0, .ofs_y = 0},
    {.bitmap_index = 2537, .adv_w = 158, .box_w = 9, .box_h = 9, .ofs_x = 0, .ofs_y = 0},
    {.bitmap_index = 2575, .adv_w = 90, .box_w = 6, .box_h = 12, .ofs_x = 0, .ofs_y = 0},
    {.bitmap_index = 2597, .adv_w = 163, .box_w = 9, .box_h = 12, .ofs_x = 0, .ofs_y = -3},
    {.bitmap_index = 2651, .adv_w = 162, .box_w = 8, .box_h = 12, .ofs_x = 1, .ofs_y = 0},
    {.bitmap_index = 2675, .adv_w = 71, .box_w = 2, .box_h = 12, .ofs_x = 1, .ofs_y = 0},
    {.bitmap_index = 2683, .adv_w = 71, .box_w = 4, .box_h = 15, .ofs_x = -1, .ofs_y = -3},
    {.bitmap_index = 2700, .adv_w = 148, .box_w = 9, .box_h = 12, .ofs_x = 1, .ofs_y = 0},
    {.bitmap_index = 2735, .adv_w = 71, .box_w = 2, .box_h = 12, .ofs_x = 1, .ofs_y = 0},
    {.bitmap_index = 2740, .adv_w = 249, .box_w = 14, .box_h = 9, .ofs_x = 1, .ofs_y = 0},
    {.bitmap_index = 2775, .adv_w = 162, .box_w = 8, .box_h = 9, .ofs_x = 1, .ofs_y = 0},
    {.bitmap_index = 2796, .adv_w = 157, .box_w = 9, .box_h = 9, .ofs_x = 0, .ofs_y = 0},
    {.bitmap_index = 2836, .adv_w = 163, .box_w = 9, .box_h = 12, .ofs_x = 1, .ofs_y = -3},
    {.bitmap_index = 2882, .adv_w = 163, .box_w = 9, .box_h = 12, .ofs_x = 0, .ofs_y = -3},
    {.bitmap_index = 2928, .adv_w = 105, .box_w = 6, .box_h = 10, .ofs_x = 1, .ofs_y = 0},
    {.bitmap_index = 2946, .adv_w = 133, .box_w = 8, .box_h = 9, .ofs_x = 0, .ofs_y = 0},
    {.bitmap_index = 2981, .adv_w = 100, .box_w = 6, .box_h = 12, .ofs_x = 0, .ofs_y = 0},
    {.bitmap_index = 3008, .adv_w = 162, .box_w = 8, .box_h = 9, .ofs_x = 1, .ofs_y = 0},
    {.bitmap_index = 3029, .adv_w = 152, .box_w = 9, .box_h = 9, .ofs_x = 0, .ofs_y = 0},
    {.bitmap_index = 3067, .adv_w = 209, .box_w = 13, .box_h = 9, .ofs_x = 0, .ofs_y = 0},
    {.bitmap_index = 3126, .adv_w = 152, .box_w = 9, .box_h = 9, .ofs_x = 0, .ofs_y = 0},
    {.bitmap_index = 3165, .adv_w = 152, .box_w = 9, .box_h = 12, .ofs_x = 0, .ofs_y = -3},
    {.bitmap_index = 3213, .adv_w = 134, .box_w = 8, .box_h = 9, .ofs_x = 0, .ofs_y = 0},
    {.bitmap_index = 3244, .adv_w = 163, .box_w = 7, .box_h = 16, .ofs_x = 2, .ofs_y = -4},
    {.bitmap_index = 3290, .adv_w = 86, .box_w = 2, .box_h = 16, .ofs_x = 2, .ofs_y = -4},
    {.bitmap_index = 3295, .adv_w = 163, .box_w = 7, .box_h = 16, .ofs_x = 2, .ofs_y = -4},
    {.bitmap_index = 3341, .adv_w = 215, .box_w = 11, .box_h = 4, .ofs_x = 1, .ofs_y = 3},
    {.bitmap_index = 3360, .adv_w = 175, .box_w = 11, .box_h = 15, .ofs_x = 0, .ofs_y = 0},
    {.bitmap_index = 3425, .adv_w = 175, .box_w = 11, .box_h = 15, .ofs_x = 0, .ofs_y = 0},
    {.bitmap_index = 3490, .adv_w = 175, .box_w = 11, .box_h = 15, .ofs_x = 0, .ofs_y = 0},
    {.bitmap_index = 3557, .adv_w = 175, .box_w = 11, .box_h = 15, .ofs_x = 0, .ofs_y = 0},
    {.bitmap_index = 3624, .adv_w = 175, .box_w = 11, .box_h = 15, .ofs_x = 0, .ofs_y = 0},
    {.bitmap_index = 3692, .adv_w = 175, .box_w = 11, .box_h = 15, .ofs_x = 0, .ofs_y = 0},
    {.bitmap_index = 3759, .adv_w = 249, .box_w = 15, .box_h = 12, .ofs_x = 0, .ofs_y = 0},
    {.bitmap_index = 3826, .adv_w = 179, .box_w = 11, .box_h = 15, .ofs_x = 0, .ofs_y = -3},
    {.bitmap_index = 3888, .adv_w = 162, .box_w = 9, .box_h = 15, .ofs_x = 1, .ofs_y = 0},
    {.bitmap_index = 3932, .adv_w = 162, .box_w = 9, .box_h = 15, .ofs_x = 1, .ofs_y = 0},
    {.bitmap_index = 3975, .adv_w = 162, .box_w = 9, .box_h = 15, .ofs_x = 1, .ofs_y = 0},
    {.bitmap_index = 4021, .adv_w = 162, .box_w = 9, .box_h = 15, .ofs_x = 1, .ofs_y = 0},
    {.bitmap_index = 4068, .adv_w = 76, .box_w = 4, .box_h = 15, .ofs_x = 0, .ofs_y = 0},
    {.bitmap_index = 4080, .adv_w = 76, .box_w = 4, .box_h = 15, .ofs_x = 1, .ofs_y = 0},
    {.bitmap_index = 4091, .adv_w = 76, .box_w = 6, .box_h = 15, .ofs_x = -1, .ofs_y = 0},
    {.bitmap_index = 4106, .adv_w = 76, .box_w = 5, .box_h = 15, .ofs_x = 0, .ofs_y = 0},
    {.bitmap_index = 4119, .adv_w = 198, .box_w = 12, .box_h = 12, .ofs_x = 0, .ofs_y = 0},
    {.bitmap_index = 4176, .adv_w = 192, .box_w = 10, .box_h = 15, .ofs_x = 1, .ofs_y = 0},
    {.bitmap_index = 4232, .adv_w = 202, .box_w = 12, .box_h = 15, .ofs_x = 0, .ofs_y = 0},
    {.bitmap_index = 4306, .adv_w = 202, .box_w = 12, .box_h = 15, .ofs_x = 0, .ofs_y = 0},
    {.bitmap_index = 4378, .adv_w = 202, .box_w = 12, .box_h = 15, .ofs_x = 0, .ofs_y = 0},
    {.bitmap_index = 4453, .adv_w = 202, .box_w = 12, .box_h = 15, .ofs_x = 0, .ofs_y = 0},
    {.bitmap_index = 4529, .adv_w = 202, .box_w = 12, .box_h = 15, .ofs_x = 0, .ofs_y = 0},
    {.bitmap_index = 4604, .adv_w = 215, .box_w = 10, .box_h = 10, .ofs_x = 2, .ofs_y = 0},
    {.bitmap_index = 4649, .adv_w = 202, .box_w = 12, .box_h = 14, .ofs_x = 0, .ofs_y = -1},
    {.bitmap_index = 4728, .adv_w = 187, .box_w = 10, .box_h = 15, .ofs_x = 1, .ofs_y = 0},
    {.bitmap_index = 4764, .adv_w = 187, .box_w = 10, .box_h = 15, .ofs_x = 1, .ofs_y = 0},
    {.bitmap_index = 4801, .adv_w = 187, .box_w = 10, .box_h = 15, .ofs_x = 1, .ofs_y = 0},
    {.bitmap_index = 4840, .adv_w = 187, .box_w = 10, .box_h = 15, .ofs_x = 1, .ofs_y = 0},
    {.bitmap_index = 4881, .adv_w = 156, .box_w = 11, .box_h = 15, .ofs_x = -1, .ofs_y = 0},
    {.bitmap_index = 4927, .adv_w = 155, .box_w = 9, .box_h = 12, .ofs_x = 1, .ofs_y = 0},
    {.bitmap_index = 4970, .adv_w = 161, .box_w = 9, .box_h = 12, .ofs_x = 1, .ofs_y = 0},
    {.bitmap_index = 5019, .adv_w = 157, .box_w = 9, .box_h = 13, .ofs_x = 0, .ofs_y = 0},
    {.bitmap_index = 5072, .adv_w = 157, .box_w = 9, .box_h = 13, .ofs_x = 0, .ofs_y = 0},
    {.bitmap_index = 5125, .adv_w = 157, .box_w = 9, .box_h = 13, .ofs_x = 0, .ofs_y = 0},
    {.bitmap_index = 5180, .adv_w = 157, .box_w = 9, .box_h = 12, .ofs_x = 0, .ofs_y = 0},
    {.bitmap_index = 5233, .adv_w = 157, .box_w = 9, .box_h = 12, .ofs_x = 0, .ofs_y = 0},
    {.bitmap_index = 5285, .adv_w = 157, .box_w = 9, .box_h = 14, .ofs_x = 0, .ofs_y = 0},
    {.bitmap_index = 5342, .adv_w = 251, .box_w = 15, .box_h = 9, .ofs_x = 0, .ofs_y = 0},
    {.bitmap_index = 5407, .adv_w = 141, .box_w = 8, .box_h = 12, .ofs_x = 0, .ofs_y = -3},
    {.bitmap_index = 5450, .adv_w = 158, .box_w = 9, .box_h = 13, .ofs_x = 0, .ofs_y = 0},
    {.bitmap_index = 5500, .adv_w = 158, .box_w = 9, .box_h = 13, .ofs_x = 0, .ofs_y = 0},
    {.bitmap_index = 5550, .adv_w = 158, .box_w = 9, .box_h = 13, .ofs_x = 0, .ofs_y = 0},
    {.bitmap_index = 5603, .adv_w = 158, .box_w = 9, .box_h = 12, .ofs_x = 0, .ofs_y = 0},
    {.bitmap_index = 5654, .adv_w = 71, .box_w = 5, .box_h = 13, .ofs_x = -1, .ofs_y = 0},
    {.bitmap_index = 5669, .adv_w = 71, .box_w = 4, .box_h = 13, .ofs_x = 1, .ofs_y = 0},
    {.bitmap_index = 5682, .adv_w = 71, .box_w = 6, .box_h = 13, .ofs_x = -1, .ofs_y = 0},
    {.bitmap_index = 5700, .adv_w = 71, .box_w = 6, .box_h = 12, .ofs_x = -1, .ofs_y = 0},
    {.bitmap_index = 5715, .adv_w = 157, .box_w = 9, .box_h = 12, .ofs_x = 0, .ofs_y = 0},
    {.bitmap_index = 5768, .adv_w = 162, .box_w = 8, .box_h = 12, .ofs_x = 1, .ofs_y = 0},
    {.bitmap_index = 5801, .adv_w = 157, .box_w = 9, .box_h = 13, .ofs_x = 0, .ofs_y = 0},
    {.bitmap_index = 5853, .adv_w = 157, .box_w = 9, .box_h = 13, .ofs_x = 0, .ofs_y = 0},
    {.bitmap_index = 5906, .adv_w = 157, .box_w = 9, .box_h = 13, .ofs_x = 0, .ofs_y = 0},
    {.bitmap_index = 5961, .adv_w = 157, .box_w = 9, .box_h = 12, .ofs_x = 0, .ofs_y = 0},
    {.bitmap_index = 6014, .adv_w = 157, .box_w = 9, .box_h = 12, .ofs_x = 0, .ofs_y = 0},
    {.bitmap_index = 6067, .adv_w = 215, .box_w = 11, .box_h = 8, .ofs_x = 1, .ofs_y = 1},
    {.bitmap_index = 6096, .adv_w = 157, .box_w = 10, .box_h = 11, .ofs_x = 0, .ofs_y = -1},
    {.bitmap_index = 6151, .adv_w = 162, .box_w = 8, .box_h = 13, .ofs_x = 1, .ofs_y = 0},
    {.bitmap_index = 6184, .adv_w = 162, .box_w = 8, .box_h = 13, .ofs_x = 1, .ofs_y = 0},
    {.bitmap_index = 6218, .adv_w = 162, .box_w = 8, .box_h = 13, .ofs_x = 1, .ofs_y = 0},
    {.bitmap_index = 6254, .adv_w = 162, .box_w = 8, .box_h = 12, .ofs_x = 1, .ofs_y = 0},
    {.bitmap_index = 6288, .adv_w = 152, .box_w = 9, .box_h = 16, .ofs_x = 0, .ofs_y = -3},
    {.bitmap_index = 6350, .adv_w = 163, .box_w = 9, .box_h = 15, .ofs_x = 1, .ofs_y = -3},
    {.bitmap_index = 6398, .adv_w = 152, .box_w = 9, .box_h = 15, .ofs_x = 0, .ofs_y = -3},
    {.bitmap_index = 6459, .adv_w = 175, .box_w = 11, .box_h = 14, .ofs_x = 0, .ofs_y = 0},
    {.bitmap_index = 6522, .adv_w = 157, .box_w = 9, .box_h = 12, .ofs_x = 0, .ofs_y = 0},
    {.bitmap_index = 6573, .adv_w = 175, .box_w = 11, .box_h = 15, .ofs_x = 0, .ofs_y = 0},
    {.bitmap_index = 6640, .adv_w = 157, .box_w = 9, .box_h = 12, .ofs_x = 0, .ofs_y = 0},
    {.bitmap_index = 6692, .adv_w = 175, .box_w = 12, .box_h = 15, .ofs_x = 0, .ofs_y = -3},
    {.bitmap_index = 6761, .adv_w = 157, .box_w = 9, .box_h = 12, .ofs_x = 0, .ofs_y = -3},
    {.bitmap_index = 6811, .adv_w = 179, .box_w = 11, .box_h = 15, .ofs_x = 0, .ofs_y = 0},
    {.bitmap_index = 6870, .adv_w = 141, .box_w = 8, .box_h = 13, .ofs_x = 0, .ofs_y = 0},
    {.bitmap_index = 6914, .adv_w = 179, .box_w = 11, .box_h = 15, .ofs_x = 0, .ofs_y = 0},
    {.bitmap_index = 6975, .adv_w = 141, .box_w = 8, .box_h = 13, .ofs_x = 0, .ofs_y = 0},
    {.bitmap_index = 7021, .adv_w = 179, .box_w = 11, .box_h = 15, .ofs_x = 0, .ofs_y = 0},
    {.bitmap_index = 7081, .adv_w = 141, .box_w = 8, .box_h = 12, .ofs_x = 0, .ofs_y = 0},
    {.bitmap_index = 7121, .adv_w = 179, .box_w = 11, .box_h = 15, .ofs_x = 0, .ofs_y = 0},
    {.bitmap_index = 7182, .adv_w = 141, .box_w = 8, .box_h = 13, .ofs_x = 0, .ofs_y = 0},
    {.bitmap_index = 7228, .adv_w = 197, .box_w = 11, .box_h = 15, .ofs_x = 1, .ofs_y = 0},
    {.bitmap_index = 7290, .adv_w = 163, .box_w = 12, .box_h = 12, .ofs_x = 0, .ofs_y = 0},
    {.bitmap_index = 7348, .adv_w = 198, .box_w = 12, .box_h = 12, .ofs_x = 0, .ofs_y = 0},
    {.bitmap_index = 7405, .adv_w = 163, .box_w = 10, .box_h = 12, .ofs_x = 0, .ofs_y = 0},
    {.bitmap_index = 7460, .adv_w = 162, .box_w = 9, .box_h = 14, .ofs_x = 1, .ofs_y = 0},
    {.bitmap_index = 7502, .adv_w = 158, .box_w = 9, .box_h = 12, .ofs_x = 0, .ofs_y = 0},
    {.bitmap_index = 7550, .adv_w = 162, .box_w = 9, .box_h = 15, .ofs_x = 1, .ofs_y = 0},
    {.bitmap_index = 7598, .adv_w = 158, .box_w = 9, .box_h = 13, .ofs_x = 0, .ofs_y = 0},
    {.bitmap_index = 7650, .adv_w = 162, .box_w = 9, .box_h = 15, .ofs_x = 1, .ofs_y = 0},
    {.bitmap_index = 7693, .adv_w = 158, .box_w = 9, .box_h = 12, .ofs_x = 0, .ofs_y = 0},
    {.bitmap_index = 7739, .adv_w = 162, .box_w = 9, .box_h = 15, .ofs_x = 1, .ofs_y = -3},
    {.bitmap_index = 7783, .adv_w = 158, .box_w = 9, .box_h = 12, .ofs_x = 0, .ofs_y = -3},
    {.bitmap_index = 7832, .adv_w = 162, .box_w = 9, .box_h = 15, .ofs_x = 1, .ofs_y = 0},
    {.bitmap_index = 7877, .adv_w = 158, .box_w = 9, .box_h = 13, .ofs_x = 0, .ofs_y = 0},
    {.bitmap_index = 7930, .adv_w = 198, .box_w = 12, .box_h = 15, .ofs_x = 0, .ofs_y = 0},
    {.bitmap_index = 8003, .adv_w = 163, .box_w = 9, .box_h = 16, .ofs_x = 0, .ofs_y = -3},
    {.bitmap_index = 8073, .adv_w = 198, .box_w = 12, .box_h = 15, .ofs_x = 0, .ofs_y = 0},
    {.bitmap_index = 8147, .adv_w = 163, .box_w = 9, .box_h = 16, .ofs_x = 0, .ofs_y = -3},
    {.bitmap_index = 8215, .adv_w = 198, .box_w = 12, .box_h = 15, .ofs_x = 0, .ofs_y = 0},
    {.bitmap_index = 8286, .adv_w = 163, .box_w = 9, .box_h = 15, .ofs_x = 0, .ofs_y = -3},
    {.bitmap_index = 8349, .adv_w = 198, .box_w = 12, .box_h = 16, .ofs_x = 0, .ofs_y = -4},
    {.bitmap_index = 8426, .adv_w = 163, .box_w = 9, .box_h = 15, .ofs_x = 0, .ofs_y = -3},
    {.bitmap_index = 8489, .adv_w = 193, .box_w = 10, .box_h = 15, .ofs_x = 1, .ofs_y = 0},
    {.bitmap_index = 8527, .adv_w = 162, .box_w = 10, .box_h = 15, .ofs_x = -1, .ofs_y = 0},
    {.bitmap_index = 8565, .adv_w = 235, .box_w = 13, .box_h = 12, .ofs_x = 1, .ofs_y = 0},
    {.bitmap_index = 8606, .adv_w = 178, .box_w = 10, .box_h = 12, .ofs_x = 0, .ofs_y = 0},
    {.bitmap_index = 8645, .adv_w = 76, .box_w = 6, .box_h = 15, .ofs_x = -1, .ofs_y = 0},
    {.bitmap_index = 8660, .adv_w = 71, .box_w = 6, .box_h = 12, .ofs_x = -1, .ofs_y = 0},
    {.bitmap_index = 8675, .adv_w = 76, .box_w = 5, .box_h = 14, .ofs_x = 0, .ofs_y = 0},
    {.bitmap_index = 8685, .adv_w = 71, .box_w = 6, .box_h = 12, .ofs_x = -1, .ofs_y = 0},
    {.bitmap_index = 8698, .adv_w = 76, .box_w = 6, .box_h = 15, .ofs_x = -1, .ofs_y = 0},
    {.bitmap_index = 8713, .adv_w = 71, .box_w = 6, .box_h = 13, .ofs_x = -1, .ofs_y = 0},
    {.bitmap_index = 8729, .adv_w = 76, .box_w = 4, .box_h = 15, .ofs_x = 1, .ofs_y = -3},
    {.bitmap_index = 8740, .adv_w = 71, .box_w = 4, .box_h = 15, .ofs_x = 1, .ofs_y = -3},
    {.bitmap_index = 8757, .adv_w = 76, .box_w = 3, .box_h = 15, .ofs_x = 1, .ofs_y = 0},
    {.bitmap_index = 8767, .adv_w = 71, .box_w = 2, .box_h = 9, .ofs_x = 1, .ofs_y = 0},
    {.bitmap_index = 8772, .adv_w = 151, .box_w = 7, .box_h = 15, .ofs_x = 1, .ofs_y = -3},
    {.bitmap_index = 8793, .adv_w = 142, .box_w = 7, .box_h = 15, .ofs_x = 1, .ofs_y = -3},
    {.bitmap_index = 8820, .adv_w = 76, .box_w = 6, .box_h = 18, .ofs_x = -1, .ofs_y = -3},
    {.bitmap_index = 8846, .adv_w = 71, .box_w = 6, .box_h = 16, .ofs_x = -1, .ofs_y = -3},
    {.bitmap_index = 8873, .adv_w = 168, .box_w = 10, .box_h = 16, .ofs_x = 1, .ofs_y = -4},
    {.bitmap_index = 8933, .adv_w = 148, .box_w = 9, .box_h = 16, .ofs_x = 1, .ofs_y = -4},
    {.bitmap_index = 8982, .adv_w = 148, .box_w = 9, .box_h = 9, .ofs_x = 1, .ofs_y = 0},
    {.bitmap_index = 9015, .adv_w = 143, .box_w = 8, .box_h = 15, .ofs_x = 1, .ofs_y = 0},
    {.bitmap_index = 9036, .adv_w = 71, .box_w = 4, .box_h = 15, .ofs_x = 1, .ofs_y = 0},
    {.bitmap_index = 9047, .adv_w = 143, .box_w = 8, .box_h = 16, .ofs_x = 1, .ofs_y = -4},
    {.bitmap_index = 9071, .adv_w = 71, .box_w = 3, .box_h = 16, .ofs_x = 1, .ofs_y = -4},
    {.bitmap_index = 9082, .adv_w = 143, .box_w = 8, .box_h = 12, .ofs_x = 1, .ofs_y = 0},
    {.bitmap_index = 9103, .adv_w = 96, .box_w = 5, .box_h = 12, .ofs_x = 1, .ofs_y = 0},
    {.bitmap_index = 9116, .adv_w = 143, .box_w = 8, .box_h = 12, .ofs_x = 1, .ofs_y = 0},
    {.bitmap_index = 9136, .adv_w = 88, .box_w = 5, .box_h = 12, .ofs_x = 1, .ofs_y = 0},
    {.bitmap_index = 9148, .adv_w = 144, .box_w = 10, .box_h = 12, .ofs_x = -1, .ofs_y = 0},
    {.bitmap_index = 9183, .adv_w = 73, .box_w = 5, .box_h = 12, .ofs_x = 0, .ofs_y = 0},
    {.bitmap_index = 9200, .adv_w = 192, .box_w = 10, .box_h = 15, .ofs_x = 1, .ofs_y = 0},
    {.bitmap_index = 9253, .adv_w = 162, .box_w = 8, .box_h = 13, .ofs_x = 1, .ofs_y = 0},
    {.bitmap_index = 9286, .adv_w = 192, .box_w = 10, .box_h = 16, .ofs_x = 1, .ofs_y = -4},
    {.bitmap_index = 9341, .adv_w = 162, .box_w = 8, .box_h = 13, .ofs_x = 1, .ofs_y = -4},
    {.bitmap_index = 9374, .adv_w = 192, .box_w = 10, .box_h = 15, .ofs_x = 1, .ofs_y = 0},
    {.bitmap_index = 9430, .adv_w = 162, .box_w = 8, .box_h = 13, .ofs_x = 1, .ofs_y = 0},
    {.bitmap_index = 9466, .adv_w = 208, .box_w = 11, .box_h = 12, .ofs_x = 1, .ofs_y = 0},
    {.bitmap_index = 9502, .adv_w = 192, .box_w = 10, .box_h = 15, .ofs_x = 1, .ofs_y = -3},
    {.bitmap_index = 9544, .adv_w = 162, .box_w = 8, .box_h = 12, .ofs_x = 1, .ofs_y = -3},
    {.bitmap_index = 9576, .adv_w = 202, .box_w = 12, .box_h = 15, .ofs_x = 0, .ofs_y = 0},
    {.bitmap_index = 9649, .adv_w = 157, .box_w = 9, .box_h = 12, .ofs_x = 0, .ofs_y = 0},
    {.bitmap_index = 9700, .adv_w = 202, .box_w = 12, .box_h = 15, .ofs_x = 0, .ofs_y = 0},
    {.bitmap_index = 9775, .adv_w = 157, .box_w = 9, .box_h = 13, .ofs_x = 0, .ofs_y = 0},
    {.bitmap_index = 9829, .adv_w = 202, .box_w = 12, .box_h = 16, .ofs_x = 0, .ofs_y = 0},
    {.bitmap_index = 9907, .adv_w = 157, .box_w = 9, .box_h = 13, .ofs_x = 0, .ofs_y = 0},
    {.bitmap_index = 9963, .adv_w = 274, .box_w = 17, .box_h = 12, .ofs_x = 0, .ofs_y = 0},
    {.bitmap_index = 10036, .adv_w = 262, .box_w = 16, .box_h = 9, .ofs_x = 0, .ofs_y = 0},
    {.bitmap_index = 10104, .adv_w = 178, .box_w = 10, .box_h = 15, .ofs_x = 1, .ofs_y = 0},
    {.bitmap_index = 10161, .adv_w = 105, .box_w = 7, .box_h = 13, .ofs_x = 1, .ofs_y = 0},
    {.bitmap_index = 10190, .adv_w = 178, .box_w = 10, .box_h = 16, .ofs_x = 1, .ofs_y = -4},
    {.bitmap_index = 10251, .adv_w = 105, .box_w = 6, .box_h = 14, .ofs_x = 1, .ofs_y = -4},
    {.bitmap_index = 10279, .adv_w = 178, .box_w = 10, .box_h = 15, .ofs_x = 1, .ofs_y = 0},
    {.bitmap_index = 10340, .adv_w = 105, .box_w = 6, .box_h = 13, .ofs_x = 1, .ofs_y = 0},
    {.bitmap_index = 10368, .adv_w = 163, .box_w = 9, .box_h = 15, .ofs_x = 1, .ofs_y = 0},
    {.bitmap_index = 10427, .adv_w = 133, .box_w = 8, .box_h = 13, .ofs_x = 0, .ofs_y = 0},
    {.bitmap_index = 10475, .adv_w = 163, .box_w = 9, .box_h = 15, .ofs_x = 1, .ofs_y = 0},
    {.bitmap_index = 10537, .adv_w = 133, .box_w = 8, .box_h = 13, .ofs_x = 0, .ofs_y = 0},
    {.bitmap_index = 10587, .adv_w = 163, .box_w = 9, .box_h = 15, .ofs_x = 1, .ofs_y = -3},
    {.bitmap_index = 10649, .adv_w = 133, .box_w = 8, .box_h = 12, .ofs_x = 0, .ofs_y = -3},
    {.bitmap_index = 10696, .adv_w = 163, .box_w = 9, .box_h = 15, .ofs_x = 1, .ofs_y = 0},
    {.bitmap_index = 10758, .adv_w = 133, .box_w = 8, .box_h = 13, .ofs_x = 0, .ofs_y = 0},
    {.bitmap_index = 10808, .adv_w = 156, .box_w = 11, .box_h = 15, .ofs_x = -1, .ofs_y = -3},
    {.bitmap_index = 10837, .adv_w = 100, .box_w = 6, .box_h = 15, .ofs_x = 0, .ofs_y = -3},
    {.bitmap_index = 10873, .adv_w = 156, .box_w = 11, .box_h = 15, .ofs_x = -1, .ofs_y = 0},
    {.bitmap_index = 10906, .adv_w = 100, .box_w = 6, .box_h = 13, .ofs_x = 0, .ofs_y = 0},
    {.bitmap_index = 10937, .adv_w = 156, .box_w = 11, .box_h = 12, .ofs_x = -1, .ofs_y = 0},
    {.bitmap_index = 10972, .adv_w = 100, .box_w = 6, .box_h = 12, .ofs_x = 0, .ofs_y = 0},
    {.bitmap_index = 11005, .adv_w = 187, .box_w = 10, .box_h = 15, .ofs_x = 1, .ofs_y = 0},
    {.bitmap_index = 11045, .adv_w = 162, .box_w = 8, .box_h = 12, .ofs_x = 1, .ofs_y = 0},
    {.bitmap_index = 11079, .adv_w = 187, .box_w = 10, .box_h = 15, .ofs_x = 1, .ofs_y = 0},
    {.bitmap_index = 11117, .adv_w = 162, .box_w = 8, .box_h = 12, .ofs_x = 1, .ofs_y = 0},
    {.bitmap_index = 11149, .adv_w = 187, .box_w = 10, .box_h = 15, .ofs_x = 1, .ofs_y = 0},
    {.bitmap_index = 11189, .adv_w = 162, .box_w = 8, .box_h = 13, .ofs_x = 1, .ofs_y = 0},
    {.bitmap_index = 11225, .adv_w = 187, .box_w = 10, .box_h = 15, .ofs_x = 1, .ofs_y = 0},
    {.bitmap_index = 11266, .adv_w = 162, .box_w = 8, .box_h = 14, .ofs_x = 1, .ofs_y = 0},
    {.bitmap_index = 11308, .adv_w = 187, .box_w = 10, .box_h = 16, .ofs_x = 1, .ofs_y = 0},
    {.bitmap_index = 11352, .adv_w = 162, .box_w = 8, .box_h = 13, .ofs_x = 1, .ofs_y = 0},
    {.bitmap_index = 11389, .adv_w = 187, .box_w = 10, .box_h = 15, .ofs_x = 1, .ofs_y = -3},
    {.bitmap_index = 11427, .adv_w = 162, .box_w = 9, .box_h = 12, .ofs_x = 1, .ofs_y = -3},
    {.bitmap_index = 11460, .adv_w = 253, .box_w = 16, .box_h = 15, .ofs_x = 0, .ofs_y = 0},
    {.bitmap_index = 11566, .adv_w = 209, .box_w = 13, .box_h = 13, .ofs_x = 0, .ofs_y = 0},
    {.bitmap_index = 11643, .adv_w = 156, .box_w = 11, .box_h = 15, .ofs_x = -1, .ofs_y = 0},
    {.bitmap_index = 11692, .adv_w = 152, .box_w = 9, .box_h = 16, .ofs_x = 0, .ofs_y = -3},
    {.bitmap_index = 11756, .adv_w = 156, .box_w = 11, .box_h = 15, .ofs_x = -1, .ofs_y = 0},
    {.bitmap_index = 11806, .adv_w = 175, .box_w = 11, .box_h = 15, .ofs_x = 0, .ofs_y = 0},
    {.bitmap_index = 11863, .adv_w = 134, .box_w = 8, .box_h = 13, .ofs_x = 0, .ofs_y = 0},
    {.bitmap_index = 11907, .adv_w = 175, .box_w = 11, .box_h = 15, .ofs_x = 0, .ofs_y = 0},
    {.bitmap_index = 11964, .adv_w = 134, .box_w = 8, .box_h = 12, .ofs_x = 0, .ofs_y = 0},
    {.bitmap_index = 12004, .adv_w = 175, .box_w = 11, .box_h = 15, .ofs_x = 0, .ofs_y = 0},
    {.bitmap_index = 12063, .adv_w = 134, .box_w = 8, .box_h = 13, .ofs_x = 0, .ofs_y = 0},
    {.bitmap_index = 12109, .adv_w = 90, .box_w = 6, .box_h = 12, .ofs_x = 0, .ofs_y = 0},
    {.bitmap_index = 12128, .adv_w = 163, .box_w = 10, .box_h = 12, .ofs_x = 0, .ofs_y = 0},
    {.bitmap_index = 12180, .adv_w = 188, .box_w = 12, .box_h = 12, .ofs_x = -1, .ofs_y = 0},
    {.bitmap_index = 12239, .adv_w = 176, .box_w = 9, .box_h = 12, .ofs_x = 1, .ofs_y = 0},
    {.bitmap_index = 12281, .adv_w = 163, .box_w = 9, .box_h = 12, .ofs_x = 1, .ofs_y = 0},
    {.bitmap_index = 12329, .adv_w = 176, .box_w = 10, .box_h = 12, .ofs_x = 0, .ofs_y = 0},
    {.bitmap_index = 12374, .adv_w = 163, .box_w = 10, .box_h = 12, .ofs_x = 0, .ofs_y = 0},
    {.bitmap_index = 12425, .adv_w = 180, .box_w = 11, .box_h = 12, .ofs_x = 0, .ofs_y = 0},
    {.bitmap_index = 12476, .adv_w = 179, .box_w = 13, .box_h = 16, .ofs_x = 0, .ofs_y = 0},
    {.bitmap_index = 12544, .adv_w = 141, .box_w = 10, .box_h = 12, .ofs_x = 0, .ofs_y = 0},
    {.bitmap_index = 12591, .adv_w = 198, .box_w = 12, .box_h = 12, .ofs_x = 0, .ofs_y = 0},
    {.bitmap_index = 12648, .adv_w = 210, .box_w = 14, .box_h = 12, .ofs_x = -1, .ofs_y = 0},
    {.bitmap_index = 12706, .adv_w = 176, .box_w = 9, .box_h = 12, .ofs_x = 1, .ofs_y = 0},
    {.bitmap_index = 12749, .adv_w = 163, .box_w = 9, .box_h = 12, .ofs_x = 0, .ofs_y = 0},
    {.bitmap_index = 12799, .adv_w = 157, .box_w = 9, .box_h = 12, .ofs_x = 0, .ofs_y = -3},
    {.bitmap_index = 12852, .adv_w = 162, .box_w = 8, .box_h = 12, .ofs_x = 1, .ofs_y = 0},
    {.bitmap_index = 12882, .adv_w = 202, .box_w = 12, .box_h = 12, .ofs_x = 0, .ofs_y = 0},
    {.bitmap_index = 12941, .adv_w = 157, .box_w = 8, .box_h = 12, .ofs_x = 1, .ofs_y = 0},
    {.bitmap_index = 12986, .adv_w = 147, .box_w = 10, .box_h = 15, .ofs_x = -1, .ofs_y = -3},
    {.bitmap_index = 13030, .adv_w = 90, .box_w = 8, .box_h = 15, .ofs_x = -2, .ofs_y = -3},
    {.bitmap_index = 13066, .adv_w = 198, .box_w = 14, .box_h = 16, .ofs_x = 0, .ofs_y = 0},
    {.bitmap_index = 13146, .adv_w = 176, .box_w = 11, .box_h = 15, .ofs_x = 0, .ofs_y = -3},
    {.bitmap_index = 13213, .adv_w = 252, .box_w = 14, .box_h = 12, .ofs_x = 1, .ofs_y = 0},
    {.bitmap_index = 13267, .adv_w = 91, .box_w = 5, .box_h = 12, .ofs_x = 1, .ofs_y = 0},
    {.bitmap_index = 13281, .adv_w = 76, .box_w = 5, .box_h = 12, .ofs_x = 0, .ofs_y = 0},
    {.bitmap_index = 13299, .adv_w = 191, .box_w = 11, .box_h = 12, .ofs_x = 1, .ofs_y = 0},
    {.bitmap_index = 13351, .adv_w = 148, .box_w = 9, .box_h = 12, .ofs_x = 1, .ofs_y = 0},
    {.bitmap_index = 13396, .adv_w = 71, .box_w = 5, .box_h = 12, .ofs_x = 0, .ofs_y = 0},
    {.bitmap_index = 13411, .adv_w = 152, .box_w = 9, .box_h = 12, .ofs_x = 0, .ofs_y = 0},
    {.bitmap_index = 13462, .adv_w = 249, .box_w = 14, .box_h = 12, .ofs_x = 1, .ofs_y = 0},
    {.bitmap_index = 13498, .adv_w = 192, .box_w = 12, .box_h = 15, .ofs_x = -1, .ofs_y = -3},
    {.bitmap_index = 13557, .adv_w = 162, .box_w = 8, .box_h = 12, .ofs_x = 1, .ofs_y = -3},
    {.bitmap_index = 13582, .adv_w = 202, .box_w = 12, .box_h = 12, .ofs_x = 0, .ofs_y = 0},
    {.bitmap_index = 13646, .adv_w = 234, .box_w = 13, .box_h = 12, .ofs_x = 0, .ofs_y = 0},
    {.bitmap_index = 13714, .adv_w = 157, .box_w = 10, .box_h = 10, .ofs_x = 0, .ofs_y = 0},
    {.bitmap_index = 13762, .adv_w = 243, .box_w = 14, .box_h = 12, .ofs_x = 0, .ofs_y = 0},
    {.bitmap_index = 13824, .adv_w = 194, .box_w = 11, .box_h = 12, .ofs_x = 0, .ofs_y = -3},
    {.bitmap_index = 13871, .adv_w = 167, .box_w = 11, .box_h = 12, .ofs_x = -1, .ofs_y = 0},
    {.bitmap_index = 13915, .adv_w = 163, .box_w = 9, .box_h = 15, .ofs_x = 1, .ofs_y = -3},
    {.bitmap_index = 13973, .adv_w = 178, .box_w = 10, .box_h = 14, .ofs_x = 1, .ofs_y = -2},
    {.bitmap_index = 14026, .adv_w = 163, .box_w = 10, .box_h = 12, .ofs_x = 0, .ofs_y = 0},
    {.bitmap_index = 14081, .adv_w = 133, .box_w = 8, .box_h = 9, .ofs_x = 0, .ofs_y = 0},
    {.bitmap_index = 14117, .adv_w = 162, .box_w = 9, .box_h = 12, .ofs_x = 1, .ofs_y = 0},
    {.bitmap_index = 14159, .adv_w = 86, .box_w = 9, .box_h = 15, .ofs_x = -3, .ofs_y = -3},
    {.bitmap_index = 14192, .adv_w = 100, .box_w = 6, .box_h = 15, .ofs_x = 0, .ofs_y = -3},
    {.bitmap_index = 14228, .adv_w = 156, .box_w = 10, .box_h = 12, .ofs_x = 0, .ofs_y = 0},
    {.bitmap_index = 14250, .adv_w = 100, .box_w = 6, .box_h = 12, .ofs_x = 0, .ofs_y = 0},
    {.bitmap_index = 14280, .adv_w = 156, .box_w = 11, .box_h = 15, .ofs_x = -1, .ofs_y = -3},
    {.bitmap_index = 14309, .adv_w = 220, .box_w = 12, .box_h = 12, .ofs_x = 1, .ofs_y = 0},
    {.bitmap_index = 14355, .adv_w = 162, .box_w = 10, .box_h = 10, .ofs_x = 1, .ofs_y = 0},
    {.bitmap_index = 14392, .adv_w = 175, .box_w = 11, .box_h = 15, .ofs_x = 0, .ofs_y = -3},
    {.bitmap_index = 14458, .adv_w = 157, .box_w = 9, .box_h = 12, .ofs_x = 0, .ofs_y = -3},
    {.bitmap_index = 14508, .adv_w = 175, .box_w = 11, .box_h = 16, .ofs_x = 0, .ofs_y = 0},
    {.bitmap_index = 14577, .adv_w = 157, .box_w = 9, .box_h = 13, .ofs_x = 0, .ofs_y = 0},
    {.bitmap_index = 14631, .adv_w = 175, .box_w = 11, .box_h = 17, .ofs_x = 0, .ofs_y = 0},
    {.bitmap_index = 14705, .adv_w = 157, .box_w = 10, .box_h = 14, .ofs_x = 0, .ofs_y = 0},
    {.bitmap_index = 14766, .adv_w = 175, .box_w = 11, .box_h = 17, .ofs_x = 0, .ofs_y = 0},
    {.bitmap_index = 14841, .adv_w = 157, .box_w = 9, .box_h = 14, .ofs_x = 0, .ofs_y = 0},
    {.bitmap_index = 14899, .adv_w = 175, .box_w = 11, .box_h = 17, .ofs_x = 0, .ofs_y = 0},
    {.bitmap_index = 14975, .adv_w = 157, .box_w = 10, .box_h = 14, .ofs_x = 0, .ofs_y = 0},
    {.bitmap_index = 15039, .adv_w = 175, .box_w = 11, .box_h = 17, .ofs_x = 0, .ofs_y = 0},
    {.bitmap_index = 15115, .adv_w = 157, .box_w = 9, .box_h = 14, .ofs_x = 0, .ofs_y = 0},
    {.bitmap_index = 15176, .adv_w = 175, .box_w = 11, .box_h = 18, .ofs_x = 0, .ofs_y = -3},
    {.bitmap_index = 15254, .adv_w = 157, .box_w = 9, .box_h = 16, .ofs_x = 0, .ofs_y = -3},
    {.bitmap_index = 15319, .adv_w = 175, .box_w = 11, .box_h = 17, .ofs_x = 0, .ofs_y = 0},
    {.bitmap_index = 15393, .adv_w = 157, .box_w = 9, .box_h = 14, .ofs_x = 0, .ofs_y = 0},
    {.bitmap_index = 15452, .adv_w = 175, .box_w = 11, .box_h = 17, .ofs_x = 0, .ofs_y = 0},
    {.bitmap_index = 15525, .adv_w = 157, .box_w = 9, .box_h = 14, .ofs_x = 0, .ofs_y = 0},
    {.bitmap_index = 15584, .adv_w = 175, .box_w = 11, .box_h = 17, .ofs_x = 0, .ofs_y = 0},
    {.bitmap_index = 15659, .adv_w = 157, .box_w = 9, .box_h = 15, .ofs_x = 0, .ofs_y = 0},
    {.bitmap_index = 15722, .adv_w = 175, .box_w = 11, .box_h = 17, .ofs_x = 0, .ofs_y = 0},
    {.bitmap_index = 15797, .adv_w = 157, .box_w = 9, .box_h = 14, .ofs_x = 0, .ofs_y = 0},
    {.bitmap_index = 15858, .adv_w = 175, .box_w = 11, .box_h = 18, .ofs_x = 0, .ofs_y = -3},
    {.bitmap_index = 15936, .adv_w = 157, .box_w = 9, .box_h = 15, .ofs_x = 0, .ofs_y = -3},
    {.bitmap_index = 15999, .adv_w = 162, .box_w = 9, .box_h = 15, .ofs_x = 1, .ofs_y = -3},
    {.bitmap_index = 16042, .adv_w = 158, .box_w = 9, .box_h = 12, .ofs_x = 0, .ofs_y = -3},
    {.bitmap_index = 16091, .adv_w = 162, .box_w = 9, .box_h = 16, .ofs_x = 1, .ofs_y = 0},
    {.bitmap_index = 16139, .adv_w = 158, .box_w = 9, .box_h = 13, .ofs_x = 0, .ofs_y = 0},
    {.bitmap_index = 16190, .adv_w = 162, .box_w = 9, .box_h = 15, .ofs_x = 1, .ofs_y = 0},
    {.bitmap_index = 16237, .adv_w = 158, .box_w = 9, .box_h = 12, .ofs_x = 0, .ofs_y = 0},
    {.bitmap_index = 16287, .adv_w = 162, .box_w = 10, .box_h = 17, .ofs_x = 1, .ofs_y = 0},
    {.bitmap_index = 16342, .adv_w = 158, .box_w = 10, .box_h = 14, .ofs_x = 0, .ofs_y = 0},
    {.bitmap_index = 16403, .adv_w = 162, .box_w = 9, .box_h = 17, .ofs_x = 1, .ofs_y = 0},
    {.bitmap_index = 16456, .adv_w = 158, .box_w = 9, .box_h = 14, .ofs_x = 0, .ofs_y = 0},
    {.bitmap_index = 16513, .adv_w = 162, .box_w = 9, .box_h = 17, .ofs_x = 1, .ofs_y = 0},
    {.bitmap_index = 16567, .adv_w = 158, .box_w = 10, .box_h = 14, .ofs_x = 0, .ofs_y = 0},
    {.bitmap_index = 16630, .adv_w = 162, .box_w = 9, .box_h = 17, .ofs_x = 1, .ofs_y = 0},
    {.bitmap_index = 16686, .adv_w = 158, .box_w = 9, .box_h = 14, .ofs_x = 0, .ofs_y = 0},
    {.bitmap_index = 16744, .adv_w = 162, .box_w = 9, .box_h = 18, .ofs_x = 1, .ofs_y = -3},
    {.bitmap_index = 16799, .adv_w = 158, .box_w = 9, .box_h = 16, .ofs_x = 0, .ofs_y = -3},
    {.bitmap_index = 16862, .adv_w = 76, .box_w = 5, .box_h = 16, .ofs_x = 0, .ofs_y = 0},
    {.bitmap_index = 16878, .adv_w = 71, .box_w = 5, .box_h = 13, .ofs_x = 0, .ofs_y = 0},
    {.bitmap_index = 16894, .adv_w = 76, .box_w = 3, .box_h = 15, .ofs_x = 1, .ofs_y = -3},
    {.bitmap_index = 16904, .adv_w = 71, .box_w = 2, .box_h = 15, .ofs_x = 1, .ofs_y = -3},
    {.bitmap_index = 16915, .adv_w = 202, .box_w = 12, .box_h = 15, .ofs_x = 0, .ofs_y = -3},
    {.bitmap_index = 16989, .adv_w = 157, .box_w = 9, .box_h = 12, .ofs_x = 0, .ofs_y = -3},
    {.bitmap_index = 17040, .adv_w = 202, .box_w = 12, .box_h = 16, .ofs_x = 0, .ofs_y = 0},
    {.bitmap_index = 17117, .adv_w = 157, .box_w = 9, .box_h = 13, .ofs_x = 0, .ofs_y = 0},
    {.bitmap_index = 17170, .adv_w = 202, .box_w = 12, .box_h = 17, .ofs_x = 0, .ofs_y = 0},
    {.bitmap_index = 17253, .adv_w = 157, .box_w = 10, .box_h = 14, .ofs_x = 0, .ofs_y = 0},
    {.bitmap_index = 17317, .adv_w = 202, .box_w = 12, .box_h = 17, .ofs_x = 0, .ofs_y = 0},
    {.bitmap_index = 17400, .adv_w = 157, .box_w = 9, .box_h = 14, .ofs_x = 0, .ofs_y = 0},
    {.bitmap_index = 17458, .adv_w = 202, .box_w = 12, .box_h = 17, .ofs_x = 0, .ofs_y = 0},
    {.bitmap_index = 17543, .adv_w = 157, .box_w = 10, .box_h = 14, .ofs_x = 0, .ofs_y = 0},
    {.bitmap_index = 17609, .adv_w = 202, .box_w = 12, .box_h = 17, .ofs_x = 0, .ofs_y = 0},
    {.bitmap_index = 17694, .adv_w = 157, .box_w = 9, .box_h = 14, .ofs_x = 0, .ofs_y = 0},
    {.bitmap_index = 17754, .adv_w = 202, .box_w = 12, .box_h = 18, .ofs_x = 0, .ofs_y = -3},
    {.bitmap_index = 17840, .adv_w = 157, .box_w = 9, .box_h = 16, .ofs_x = 0, .ofs_y = -3},
    {.bitmap_index = 17905, .adv_w = 234, .box_w = 13, .box_h = 15, .ofs_x = 0, .ofs_y = 0},
    {.bitmap_index = 17983, .adv_w = 157, .box_w = 10, .box_h = 13, .ofs_x = 0, .ofs_y = 0},
    {.bitmap_index = 18042, .adv_w = 234, .box_w = 13, .box_h = 15, .ofs_x = 0, .ofs_y = 0},
    {.bitmap_index = 18121, .adv_w = 157, .box_w = 10, .box_h = 13, .ofs_x = 0, .ofs_y = 0},
    {.bitmap_index = 18180, .adv_w = 234, .box_w = 13, .box_h = 16, .ofs_x = 0, .ofs_y = 0},
    {.bitmap_index = 18263, .adv_w = 157, .box_w = 10, .box_h = 13, .ofs_x = 0, .ofs_y = 0},
    {.bitmap_index = 18323, .adv_w = 234, .box_w = 13, .box_h = 15, .ofs_x = 0, .ofs_y = 0},
    {.bitmap_index = 18405, .adv_w = 157, .box_w = 10, .box_h = 12, .ofs_x = 0, .ofs_y = 0},
    {.bitmap_index = 18464, .adv_w = 234, .box_w = 13, .box_h = 15, .ofs_x = 0, .ofs_y = -3},
    {.bitmap_index = 18544, .adv_w = 157, .box_w = 10, .box_h = 13, .ofs_x = 0, .ofs_y = -3},
    {.bitmap_index = 18602, .adv_w = 187, .box_w = 10, .box_h = 15, .ofs_x = 1, .ofs_y = -3},
    {.bitmap_index = 18639, .adv_w = 162, .box_w = 8, .box_h = 12, .ofs_x = 1, .ofs_y = -3},
    {.bitmap_index = 18671, .adv_w = 187, .box_w = 10, .box_h = 16, .ofs_x = 1, .ofs_y = 0},
    {.bitmap_index = 18712, .adv_w = 162, .box_w = 8, .box_h = 13, .ofs_x = 1, .ofs_y = 0},
    {.bitmap_index = 18747, .adv_w = 220, .box_w = 12, .box_h = 15, .ofs_x = 1, .ofs_y = 0},
    {.bitmap_index = 18804, .adv_w = 162, .box_w = 10, .box_h = 13, .ofs_x = 1, .ofs_y = 0},
    {.bitmap_index = 18852, .adv_w = 220, .box_w = 12, .box_h = 15, .ofs_x = 1, .ofs_y = 0},
    {.bitmap_index = 18909, .adv_w = 162, .box_w = 10, .box_h = 13, .ofs_x = 1, .ofs_y = 0},
    {.bitmap_index = 18957, .adv_w = 220, .box_w = 12, .box_h = 16, .ofs_x = 1, .ofs_y = 0},
    {.bitmap_index = 19020, .adv_w = 162, .box_w = 10, .box_h = 13, .ofs_x = 1, .ofs_y = 0},
    {.bitmap_index = 19070, .adv_w = 220, .box_w = 12, .box_h = 15, .ofs_x = 1, .ofs_y = 0},
    {.bitmap_index = 19131, .adv_w = 162, .box_w = 10, .box_h = 12, .ofs_x = 1, .ofs_y = 0},
    {.bitmap_index = 19179, .adv_w = 220, .box_w = 12, .box_h = 15, .ofs_x = 1, .ofs_y = -3},
    {.bitmap_index = 19236, .adv_w = 162, .box_w = 10, .box_h = 13, .ofs_x = 1, .ofs_y = -3},
    {.bitmap_index = 19283, .adv_w = 156, .box_w = 11, .box_h = 15, .ofs_x = -1, .ofs_y = 0},
    {.bitmap_index = 19329, .adv_w = 152, .box_w = 9, .box_h = 16, .ofs_x = 0, .ofs_y = -3},
    {.bitmap_index = 19390, .adv_w = 156, .box_w = 11, .box_h = 15, .ofs_x = -1, .ofs_y = -3},
    {.bitmap_index = 19434, .adv_w = 152, .box_w = 9, .box_h = 12, .ofs_x = 0, .ofs_y = -3},
    {.bitmap_index = 19483, .adv_w = 156, .box_w = 11, .box_h = 16, .ofs_x = -1, .ofs_y = 0},
    {.bitmap_index = 19533, .adv_w = 152, .box_w = 9, .box_h = 17, .ofs_x = 0, .ofs_y = -3},
    {.bitmap_index = 19599, .adv_w = 156, .box_w = 11, .box_h = 15, .ofs_x = -1, .ofs_y = 0},
    {.bitmap_index = 19649, .adv_w = 152, .box_w = 9, .box_h = 15, .ofs_x = 0, .ofs_y = -3},
    {.bitmap_index = 19708, .adv_w = 163, .box_w = 10, .box_h = 15, .ofs_x = 0, .ofs_y = -3}
};

/*---------------------
 *  CHARACTER MAPPING
 *--------------------*/



/*Collect the unicode lists and glyph_id offsets*/
static const lv_font_fmt_txt_cmap_t cmaps[] =
{
    {
        .range_start = 32, .range_length = 95, .glyph_id_start = 1,
        .unicode_list = NULL, .glyph_id_ofs_list = NULL, .list_length = 0, .type = LV_FONT_FMT_TXT_CMAP_FORMAT0_TINY
    },
    {
        .range_start = 192, .range_length = 241, .glyph_id_start = 96,
        .unicode_list = NULL, .glyph_id_ofs_list = NULL, .list_length = 0, .type = LV_FONT_FMT_TXT_CMAP_FORMAT0_TINY
    },
    {
        .range_start = 7840, .range_length = 90, .glyph_id_start = 337,
        .unicode_list = NULL, .glyph_id_ofs_list = NULL, .list_length = 0, .type = LV_FONT_FMT_TXT_CMAP_FORMAT0_TINY
    },
    {
        .range_start = 8363, .range_length = 1, .glyph_id_start = 427,
        .unicode_list = NULL, .glyph_id_ofs_list = NULL, .list_length = 0, .type = LV_FONT_FMT_TXT_CMAP_FORMAT0_TINY
    }
};



/*--------------------
 *  ALL CUSTOM DATA
 *--------------------*/

#if LVGL_VERSION_MAJOR == 8
/*Store all the custom data of the font*/
static  lv_font_fmt_txt_glyph_cache_t cache;
#endif

#if LVGL_VERSION_MAJOR >= 8
static const lv_font_fmt_txt_dsc_t font_dsc = {
#else
static lv_font_fmt_txt_dsc_t font_dsc = {
#endif
    .glyph_bitmap = glyph_bitmap,
    .glyph_dsc = glyph_dsc,
    .cmaps = cmaps,
    .kern_dsc = NULL,
    .kern_scale = 0,
    .cmap_num = 4,
    .bpp = 4,
    .kern_classes = 0,
    .bitmap_format = 1,
#if LVGL_VERSION_MAJOR == 8
    .cache = &cache
#endif
};



/*-----------------
 *  PUBLIC FONT
 *----------------*/

/*Initialize a public general font descriptor*/
#if LVGL_VERSION_MAJOR >= 8
const lv_font_t friend_font_vietnamese_16 = {
#else
lv_font_t friend_font_vietnamese_16 = {
#endif
    .get_glyph_dsc = lv_font_get_glyph_dsc_fmt_txt,    /*Function pointer to get glyph's data*/
    .get_glyph_bitmap = lv_font_get_bitmap_fmt_txt,    /*Function pointer to get glyph's bitmap*/
    .line_height = 22,          /*The maximum line height required by the font*/
    .base_line = 5,             /*Baseline measured from the bottom of the line*/
#if !(LVGL_VERSION_MAJOR == 6 && LVGL_VERSION_MINOR == 0)
    .subpx = LV_FONT_SUBPX_NONE,
#endif
#if LV_VERSION_CHECK(7, 4, 0) || LVGL_VERSION_MAJOR >= 8
    .underline_position = -1,
    .underline_thickness = 1,
#endif
    .dsc = &font_dsc,          /*The custom font data. Will be accessed by `get_glyph_bitmap/dsc` */
#if LV_VERSION_CHECK(8, 2, 0) || LVGL_VERSION_MAJOR >= 9
    .fallback = NULL,
#endif
    .user_data = NULL,
};



#endif /*#if FRIEND_FONT_VIETNAMESE_16*/

